<?php 
/*Only executed for test purpose in non production environment */
if (xContext::$profile != 'production') { ?>

INSERT INTO `proteins` (`id`, `name`, `species`, `note`) VALUES
(3, 'oxgr1', NULL, NULL),
(4, 'pendrin', NULL, NULL);

INSERT INTO `subunits` (`id`, `protein_id`, `label`, `pos`) VALUES
(3, 3, 'oxgr1', 1),
(4, 4, 'pendrin', 1);

INSERT INTO `peptides` (`id`, `subunit_id`, `label`, `pos`) VALUES
(3, 3, 'oxgr1', 1),
(4, 4, 'pendrin', 1);

INSERT INTO `regions` (`id`, `peptide_id`, `label`, `type`, `pos`) VALUES
(3, 3, NULL, 'intra', 1),
(4, 3, NULL, 'membrane', 2),
(5, 3, NULL, 'extra', 3),
(6, 3, NULL, 'membrane', 4),
(7, 3, NULL, 'intra', 5),
(8, 3, NULL, 'membrane', 6),
(9, 3, NULL, 'extra', 7),
(170, 4, NULL, 'intra', 1),
(171, 4, NULL, 'membrane', 2),
(172, 4, NULL, 'extra', 3),
(173, 4, NULL, 'membrane', 4),
(174, 4, NULL, 'intra', 5),
(175, 4, NULL, 'membrane', 6),
(176, 4, NULL, 'extra', 7),
(177, 4, NULL, 'membrane', 8),
(178, 4, NULL, 'intra', 9),
(179, 4, NULL, 'membrane', 10),
(180, 4, NULL, 'extra', 11),
(181, 4, NULL, 'membrane', 12),
(182, 4, NULL, 'intra', 13),
(183, 4, NULL, 'membrane', 14),
(184, 4, NULL, 'extra', 15),
(185, 4, NULL, 'membrane', 16),
(186, 4, NULL, 'intra', 17);

INSERT INTO `amino_acids` (`id`, `type`, `modification`, `link`, `pos`, `region_id`) VALUES
(19, 'M', NULL, NULL, 1, 3),
(20, 'I', NULL, NULL, 2, 3),
(21, 'E', NULL, NULL, 3, 3),
(22, 'P', NULL, NULL, 4, 3),
(23, 'L', NULL, NULL, 5, 3),
(24, 'D', NULL, NULL, 6, 3),
(25, 'S', NULL, NULL, 7, 3),
(26, 'P', NULL, NULL, 8, 3),
(27, 'A', NULL, NULL, 9, 3),
(28, 'S', NULL, NULL, 10, 3),
(29, 'D', NULL, NULL, 11, 3),
(30, 'S', NULL, NULL, 12, 3),
(31, 'D', NULL, NULL, 13, 3),
(32, 'F', NULL, NULL, 14, 3),
(33, 'L', NULL, NULL, 15, 3),
(34, 'D', NULL, NULL, 16, 3),
(35, 'Y', NULL, NULL, 17, 3),
(36, 'P', NULL, NULL, 18, 3),
(37, 'S', NULL, NULL, 19, 3),
(38, 'A', NULL, NULL, 20, 3),
(39, 'L', NULL, NULL, 21, 3),
(40, 'G', NULL, NULL, 22, 3),
(41, 'N', NULL, NULL, 23, 3),
(42, 'C', NULL, NULL, 24, 3),
(43, 'T', NULL, NULL, 25, 3),
(44, 'D', NULL, NULL, 26, 3),
(45, 'E', NULL, NULL, 27, 3),
(46, 'Q', NULL, NULL, 28, 3),
(47, 'I', NULL, NULL, 29, 3),
(48, 'S', NULL, NULL, 30, 3),
(49, 'F', NULL, NULL, 31, 3),
(50, 'K', NULL, NULL, 32, 3),
(51, 'M', NULL, NULL, 33, 3),
(52, 'Q', NULL, NULL, 34, 3),
(53, 'Y', NULL, NULL, 35, 3),
(54, 'L', NULL, NULL, 36, 3),
(55, 'P', NULL, NULL, 37, 3),
(56, 'V', NULL, NULL, 38, 3),
(57, 'I', NULL, NULL, 39, 3),
(58, 'Y', NULL, NULL, 40, 3),
(59, 'S', NULL, NULL, 41, 3),
(60, 'I', NULL, NULL, 42, 3),
(61, 'I', NULL, NULL, 43, 4),
(62, 'F', NULL, NULL, 44, 4),
(63, 'L', NULL, NULL, 45, 4),
(64, 'V', NULL, NULL, 46, 4),
(65, 'G', NULL, NULL, 47, 4),
(66, 'F', NULL, NULL, 48, 4),
(67, 'P', NULL, NULL, 49, 4),
(68, 'G', NULL, NULL, 50, 4),
(69, 'N', NULL, NULL, 51, 4),
(70, 'T', NULL, NULL, 52, 4),
(71, 'V', NULL, NULL, 53, 4),
(72, 'A', NULL, NULL, 54, 4),
(73, 'I', NULL, NULL, 55, 4),
(74, 'S', NULL, NULL, 56, 4),
(75, 'I', NULL, NULL, 57, 4),
(76, 'Y', NULL, NULL, 58, 4),
(77, 'I', NULL, NULL, 59, 4),
(78, 'F', NULL, NULL, 60, 4),
(79, 'K', NULL, NULL, 61, 4),
(80, 'M', NULL, NULL, 62, 4),
(81, 'R', NULL, NULL, 63, 4),
(82, 'P', NULL, NULL, 64, 4),
(83, 'W', NULL, NULL, 65, 4),
(84, 'R', NULL, NULL, 66, 4),
(85, 'G', NULL, NULL, 67, 4),
(86, 'S', NULL, NULL, 68, 4),
(87, 'T', NULL, NULL, 69, 5),
(88, 'V', NULL, NULL, 70, 5),
(89, 'I', NULL, NULL, 71, 5),
(90, 'M', NULL, NULL, 72, 5),
(91, 'L', NULL, NULL, 73, 5),
(92, 'N', NULL, NULL, 74, 5),
(93, 'L', NULL, NULL, 75, 5),
(94, 'A', NULL, NULL, 76, 5),
(95, 'L', NULL, NULL, 77, 5),
(96, 'T', NULL, NULL, 78, 5),
(97, 'D', NULL, NULL, 79, 5),
(98, 'L', NULL, NULL, 80, 5),
(99, 'L', NULL, NULL, 81, 5),
(100, 'Y', NULL, NULL, 82, 5),
(101, 'L', NULL, NULL, 83, 5),
(102, 'T', NULL, NULL, 84, 5),
(103, 'S', NULL, NULL, 85, 5),
(104, 'L', NULL, NULL, 86, 5),
(105, 'P', NULL, NULL, 87, 5),
(106, 'F', NULL, NULL, 88, 5),
(107, 'L', NULL, NULL, 89, 5),
(108, 'I', NULL, NULL, 90, 5),
(109, 'H', NULL, NULL, 91, 5),
(110, 'Y', NULL, NULL, 92, 5),
(111, 'Y', NULL, NULL, 93, 5),
(112, 'A', NULL, NULL, 94, 5),
(113, 'S', NULL, NULL, 95, 5),
(114, 'G', NULL, NULL, 96, 5),
(115, 'E', NULL, NULL, 97, 5),
(116, 'N', NULL, NULL, 98, 5),
(117, 'W', NULL, NULL, 99, 5),
(118, 'I', NULL, NULL, 100, 5),
(119, 'F', NULL, NULL, 101, 5),
(120, 'G', NULL, NULL, 102, 5),
(121, 'D', NULL, NULL, 103, 5),
(122, 'F', NULL, NULL, 104, 5),
(123, 'M', NULL, NULL, 105, 5),
(124, 'C', NULL, NULL, 106, 5),
(125, 'K', NULL, NULL, 107, 5),
(126, 'F', NULL, NULL, 108, 5),
(127, 'I', NULL, NULL, 109, 5),
(128, 'R', NULL, NULL, 110, 5),
(129, 'F', NULL, NULL, 111, 5),
(130, 'G', NULL, NULL, 112, 5),
(131, 'F', NULL, NULL, 113, 5),
(132, 'H', NULL, NULL, 114, 5),
(133, 'F', NULL, NULL, 115, 5),
(134, 'N', NULL, NULL, 116, 5),
(135, 'L', NULL, NULL, 117, 5),
(136, 'Y', NULL, NULL, 118, 5),
(137, 'S', NULL, NULL, 119, 5),
(138, 'S', NULL, NULL, 120, 6),
(139, 'I', NULL, NULL, 121, 6),
(140, 'L', NULL, NULL, 122, 6),
(141, 'F', NULL, NULL, 123, 6),
(142, 'L', NULL, NULL, 124, 6),
(143, 'T', NULL, NULL, 125, 6),
(144, 'C', NULL, NULL, 126, 6),
(145, 'F', NULL, NULL, 127, 6),
(146, 'S', NULL, NULL, 128, 6),
(147, 'L', NULL, NULL, 129, 6),
(148, 'F', NULL, NULL, 130, 6),
(149, 'R', NULL, NULL, 131, 6),
(150, 'Y', NULL, NULL, 132, 6),
(151, 'V', NULL, NULL, 133, 6),
(152, 'V', NULL, NULL, 134, 6),
(153, 'I', NULL, NULL, 135, 6),
(154, 'I', NULL, NULL, 136, 6),
(155, 'H', NULL, NULL, 137, 6),
(156, 'P', NULL, NULL, 138, 6),
(157, 'M', NULL, NULL, 139, 6),
(158, 'S', NULL, NULL, 140, 6),
(159, 'C', NULL, NULL, 141, 7),
(160, 'F', NULL, NULL, 142, 7),
(161, 'S', NULL, NULL, 143, 7),
(162, 'I', NULL, NULL, 144, 7),
(163, 'Q', NULL, NULL, 145, 7),
(164, 'K', NULL, NULL, 146, 7),
(165, 'T', NULL, NULL, 147, 7),
(166, 'R', NULL, NULL, 148, 7),
(167, 'W', NULL, NULL, 149, 7),
(168, 'A', NULL, NULL, 150, 7),
(169, 'V', NULL, NULL, 151, 7),
(170, 'V', NULL, NULL, 152, 7),
(171, 'A', NULL, NULL, 153, 7),
(172, 'C', NULL, NULL, 154, 7),
(173, 'A', NULL, NULL, 155, 7),
(174, 'G', NULL, NULL, 156, 7),
(175, 'V', NULL, NULL, 157, 7),
(176, 'W', NULL, NULL, 158, 7),
(177, 'V', NULL, NULL, 159, 7),
(178, 'I', NULL, NULL, 160, 7),
(179, 'S', NULL, NULL, 161, 7),
(180, 'L', NULL, NULL, 162, 7),
(181, 'V', NULL, NULL, 163, 7),
(182, 'A', NULL, NULL, 164, 7),
(183, 'V', NULL, NULL, 165, 7),
(184, 'M', NULL, NULL, 166, 7),
(185, 'P', NULL, NULL, 167, 7),
(186, 'M', NULL, NULL, 168, 7),
(187, 'T', NULL, NULL, 169, 7),
(188, 'F', NULL, NULL, 170, 7),
(189, 'L', NULL, NULL, 171, 7),
(190, 'I', NULL, NULL, 172, 7),
(191, 'T', NULL, NULL, 173, 7),
(192, 'S', NULL, NULL, 174, 7),
(193, 'T', NULL, NULL, 175, 7),
(194, 'T', NULL, NULL, 176, 7),
(195, 'R', NULL, NULL, 177, 7),
(196, 'T', NULL, NULL, 178, 7),
(197, 'N', NULL, NULL, 179, 7),
(198, 'R', NULL, NULL, 180, 7),
(199, 'S', NULL, NULL, 181, 7),
(200, 'A', NULL, NULL, 182, 7),
(201, 'C', NULL, NULL, 183, 7),
(202, 'L', NULL, NULL, 184, 7),
(203, 'D', NULL, NULL, 185, 7),
(204, 'L', NULL, NULL, 186, 7),
(205, 'T', NULL, NULL, 187, 7),
(206, 'S', NULL, NULL, 188, 7),
(207, 'S', NULL, NULL, 189, 7),
(208, 'D', NULL, NULL, 190, 7),
(209, 'D', NULL, NULL, 191, 7),
(210, 'L', NULL, NULL, 192, 7),
(211, 'T', NULL, NULL, 193, 7),
(212, 'T', NULL, NULL, 194, 7),
(213, 'I', NULL, NULL, 195, 7),
(214, 'K', NULL, NULL, 196, 7),
(215, 'W', NULL, NULL, 197, 7),
(216, 'Y', NULL, NULL, 198, 7),
(217, 'N', NULL, NULL, 199, 7),
(218, 'L', NULL, NULL, 200, 8),
(219, 'I', NULL, NULL, 201, 8),
(220, 'L', NULL, NULL, 202, 8),
(221, 'T', NULL, NULL, 203, 8),
(222, 'A', NULL, NULL, 204, 8),
(223, 'T', NULL, NULL, 205, 8),
(224, 'T', NULL, NULL, 206, 8),
(225, 'F', NULL, NULL, 207, 8),
(226, 'C', NULL, NULL, 208, 8),
(227, 'L', NULL, NULL, 209, 8),
(228, 'P', NULL, NULL, 210, 8),
(229, 'L', NULL, NULL, 211, 8),
(230, 'V', NULL, NULL, 212, 8),
(231, 'I', NULL, NULL, 213, 8),
(232, 'T', NULL, NULL, 214, 8),
(233, 'L', NULL, NULL, 215, 8),
(234, 'C', NULL, NULL, 216, 8),
(235, 'Y', NULL, NULL, 217, 8),
(236, 'T', NULL, NULL, 218, 8),
(237, 'T', NULL, NULL, 219, 8),
(238, 'I', NULL, NULL, 220, 8),
(239, 'I', NULL, NULL, 221, 8),
(240, 'S', NULL, NULL, 222, 8),
(241, 'T', NULL, NULL, 223, 8),
(242, 'L', NULL, NULL, 224, 8),
(243, 'T', NULL, NULL, 225, 8),
(244, 'H', NULL, NULL, 226, 9),
(245, 'G', NULL, NULL, 227, 9),
(246, 'P', NULL, NULL, 228, 9),
(247, 'R', NULL, NULL, 229, 9),
(248, 'T', NULL, NULL, 230, 9),
(249, 'H', NULL, NULL, 231, 9),
(250, 'S', NULL, NULL, 232, 9),
(251, 'C', NULL, NULL, 233, 9),
(252, 'F', NULL, NULL, 234, 9),
(253, 'K', NULL, NULL, 235, 9),
(254, 'Q', NULL, NULL, 236, 9),
(255, 'K', NULL, NULL, 237, 9),
(256, 'A', NULL, NULL, 238, 9),
(257, 'R', NULL, NULL, 239, 9),
(258, 'R', NULL, NULL, 240, 9),
(259, 'L', NULL, NULL, 241, 9),
(260, 'T', NULL, NULL, 242, 9),
(261, 'I', NULL, NULL, 243, 9),
(262, 'L', NULL, NULL, 244, 9),
(263, 'L', NULL, NULL, 245, 9),
(264, 'L', NULL, NULL, 246, 9),
(265, 'L', NULL, NULL, 247, 9),
(266, 'V', NULL, NULL, 248, 9),
(267, 'F', NULL, NULL, 249, 9),
(268, 'Y', NULL, NULL, 250, 9),
(269, 'I', NULL, NULL, 251, 9),
(270, 'C', NULL, NULL, 252, 9),
(271, 'F', NULL, NULL, 253, 9),
(272, 'L', NULL, NULL, 254, 9),
(273, 'P', NULL, NULL, 255, 9),
(274, 'F', NULL, NULL, 256, 9),
(275, 'H', NULL, NULL, 257, 9),
(276, 'I', NULL, NULL, 258, 9),
(277, 'L', NULL, NULL, 259, 9),
(278, 'R', NULL, NULL, 260, 9),
(279, 'V', NULL, NULL, 261, 9),
(280, 'I', NULL, NULL, 262, 9),
(281, 'R', NULL, NULL, 263, 9),
(282, 'I', NULL, NULL, 264, 9),
(283, 'E', NULL, NULL, 265, 9),
(284, 'S', NULL, NULL, 266, 9),
(285, 'R', NULL, NULL, 267, 9),
(286, 'L', NULL, NULL, 268, 9),
(287, 'L', NULL, NULL, 269, 9),
(288, 'S', NULL, NULL, 270, 9),
(289, 'I', NULL, NULL, 271, 9),
(290, 'S', NULL, NULL, 272, 9),
(291, 'C', NULL, NULL, 273, 9),
(292, 'S', NULL, NULL, 274, 9),
(293, 'I', NULL, NULL, 275, 9),
(294, 'E', NULL, NULL, 276, 9),
(295, 'S', NULL, NULL, 277, 9),
(296, 'H', NULL, NULL, 278, 9),
(297, 'I', NULL, NULL, 279, 9),
(298, 'H', NULL, NULL, 280, 9),
(299, 'E', NULL, NULL, 281, 9),
(300, 'A', NULL, NULL, 282, 9),
(301, 'Y', NULL, NULL, 283, 9),
(302, 'I', NULL, NULL, 284, 9),
(303, 'V', NULL, NULL, 285, 9),
(304, 'S', NULL, NULL, 286, 9),
(305, 'R', NULL, NULL, 287, 9),
(306, 'P', NULL, NULL, 288, 9),
(307, 'L', NULL, NULL, 289, 9),
(308, 'A', NULL, NULL, 290, 9),
(309, 'A', NULL, NULL, 291, 9),
(310, 'L', NULL, NULL, 292, 9),
(311, 'N', NULL, NULL, 293, 9),
(312, 'T', NULL, NULL, 294, 9),
(313, 'F', NULL, NULL, 295, 9),
(314, 'G', NULL, NULL, 296, 9),
(315, 'N', NULL, NULL, 297, 9),
(316, 'L', NULL, NULL, 298, 9),
(317, 'L', NULL, NULL, 299, 9),
(318, 'L', NULL, NULL, 300, 9),
(319, 'Y', NULL, NULL, 301, 9),
(320, 'V', NULL, NULL, 302, 9),
(321, 'V', NULL, NULL, 303, 9),
(322, 'V', NULL, NULL, 304, 9),
(323, 'S', NULL, NULL, 305, 9),
(324, 'N', NULL, NULL, 306, 9),
(325, 'N', NULL, NULL, 307, 9),
(326, 'F', NULL, NULL, 308, 9),
(327, 'Q', NULL, NULL, 309, 9),
(328, 'Q', NULL, NULL, 310, 9),
(329, 'A', NULL, NULL, 311, 9),
(330, 'F', NULL, NULL, 312, 9),
(331, 'C', NULL, NULL, 313, 9),
(332, 'S', NULL, NULL, 314, 9),
(333, 'I', NULL, NULL, 315, 9),
(334, 'V', NULL, NULL, 316, 9),
(335, 'R', NULL, NULL, 317, 9),
(336, 'C', NULL, NULL, 318, 9),
(337, 'K', NULL, NULL, 319, 9),
(338, 'A', NULL, NULL, 320, 9),
(339, 'S', NULL, NULL, 321, 9),
(340, 'G', NULL, NULL, 322, 9),
(341, 'D', NULL, NULL, 323, 9),
(342, 'L', NULL, NULL, 324, 9),
(343, 'E', NULL, NULL, 325, 9),
(344, 'Q', NULL, NULL, 326, 9),
(345, 'G', NULL, NULL, 327, 9),
(346, 'K', NULL, NULL, 328, 9),
(347, 'K', NULL, NULL, 329, 9),
(348, 'D', NULL, NULL, 330, 9),
(349, 'S', NULL, NULL, 331, 9),
(350, 'C', NULL, NULL, 332, 9),
(351, 'S', NULL, NULL, 333, 9),
(352, 'N', NULL, NULL, 334, 9),
(353, 'N', NULL, NULL, 335, 9),
(354, 'P', NULL, NULL, 336, 9),
(5813, 'M', NULL, NULL, 1, 170),
(5814, 'A', NULL, NULL, 2, 170),
(5815, 'A', NULL, NULL, 3, 170),
(5816, 'R', NULL, NULL, 4, 170),
(5817, 'G', NULL, NULL, 5, 170),
(5818, 'G', NULL, NULL, 6, 170),
(5819, 'R', NULL, NULL, 7, 170),
(5820, 'S', NULL, NULL, 8, 170),
(5821, 'E', NULL, NULL, 9, 170),
(5822, 'P', NULL, NULL, 10, 170),
(5823, 'P', NULL, NULL, 11, 170),
(5824, 'Q', NULL, NULL, 12, 170),
(5825, 'L', NULL, NULL, 13, 170),
(5826, 'A', NULL, NULL, 14, 170),
(5827, 'E', NULL, NULL, 15, 170),
(5828, 'Y', NULL, NULL, 16, 170),
(5829, 'S', NULL, NULL, 17, 170),
(5830, 'C', NULL, NULL, 18, 170),
(5831, 'S', NULL, NULL, 19, 170),
(5832, 'Y', NULL, NULL, 20, 170),
(5833, 'T', NULL, NULL, 21, 170),
(5834, 'V', NULL, NULL, 22, 170),
(5835, 'S', NULL, NULL, 23, 170),
(5836, 'R', NULL, NULL, 24, 170),
(5837, 'P', NULL, NULL, 25, 170),
(5838, 'V', NULL, NULL, 26, 170),
(5839, 'Y', NULL, NULL, 27, 170),
(5840, 'S', NULL, NULL, 28, 170),
(5841, 'E', NULL, NULL, 29, 170),
(5842, 'L', NULL, NULL, 30, 170),
(5843, 'A', NULL, NULL, 31, 170),
(5844, 'F', NULL, NULL, 32, 170),
(5845, 'Q', NULL, NULL, 33, 170),
(5846, 'Q', NULL, NULL, 34, 170),
(5847, 'Q', NULL, NULL, 35, 170),
(5848, 'R', NULL, NULL, 36, 170),
(5849, 'E', NULL, NULL, 37, 170),
(5850, 'R', NULL, NULL, 38, 170),
(5851, 'R', NULL, NULL, 39, 170),
(5852, 'L', NULL, NULL, 40, 170),
(5853, 'P', NULL, NULL, 41, 170),
(5854, 'E', NULL, NULL, 42, 170),
(5855, 'R', NULL, NULL, 43, 170),
(5856, 'R', NULL, NULL, 44, 170),
(5857, 'T', NULL, NULL, 45, 170),
(5858, 'L', NULL, NULL, 46, 170),
(5859, 'R', NULL, NULL, 47, 170),
(5860, 'D', NULL, NULL, 48, 170),
(5861, 'S', NULL, NULL, 49, 170),
(5862, 'L', NULL, NULL, 50, 170),
(5863, 'A', NULL, NULL, 51, 170),
(5864, 'R', NULL, NULL, 52, 170),
(5865, 'S', NULL, NULL, 53, 170),
(5866, 'C', NULL, NULL, 54, 170),
(5867, 'S', NULL, NULL, 55, 170),
(5868, 'C', NULL, NULL, 56, 170),
(5869, 'S', NULL, NULL, 57, 170),
(5870, 'R', NULL, NULL, 58, 170),
(5871, 'K', NULL, NULL, 59, 170),
(5872, 'R', NULL, NULL, 60, 170),
(5873, 'A', NULL, NULL, 61, 170),
(5874, 'F', NULL, NULL, 62, 170),
(5875, 'G', NULL, NULL, 63, 170),
(5876, 'V', NULL, NULL, 64, 170),
(5877, 'V', NULL, NULL, 65, 170),
(5878, 'K', NULL, NULL, 66, 170),
(5879, 'T', NULL, NULL, 67, 170),
(5880, 'L', NULL, NULL, 68, 170),
(5881, 'L', NULL, NULL, 69, 170),
(5882, 'P', NULL, NULL, 70, 170),
(5883, 'I', NULL, NULL, 71, 170),
(5884, 'L', NULL, NULL, 72, 170),
(5885, 'D', NULL, NULL, 73, 170),
(5886, 'W', NULL, NULL, 74, 170),
(5887, 'L', NULL, NULL, 75, 170),
(5888, 'P', NULL, NULL, 76, 170),
(5889, 'K', NULL, NULL, 77, 170),
(5890, 'Y', NULL, NULL, 78, 170),
(5891, 'R', NULL, NULL, 79, 170),
(5892, 'V', NULL, NULL, 80, 170),
(5893, 'K', NULL, NULL, 81, 170),
(5894, 'E', NULL, NULL, 82, 170),
(5895, 'W', NULL, NULL, 83, 170),
(5896, 'L', NULL, NULL, 84, 170),
(5897, 'L', NULL, NULL, 85, 170),
(5898, 'S', NULL, NULL, 86, 170),
(5899, 'D', NULL, NULL, 87, 170),
(5900, 'I', NULL, NULL, 88, 171),
(5901, 'I', NULL, NULL, 89, 171),
(5902, 'S', NULL, NULL, 90, 171),
(5903, 'G', NULL, NULL, 91, 171),
(5904, 'V', NULL, NULL, 92, 171),
(5905, 'S', NULL, NULL, 93, 171),
(5906, 'T', NULL, NULL, 94, 171),
(5907, 'G', NULL, NULL, 95, 171),
(5908, 'L', NULL, NULL, 96, 171),
(5909, 'V', NULL, NULL, 97, 171),
(5910, 'G', NULL, NULL, 98, 171),
(5911, 'T', NULL, NULL, 99, 171),
(5912, 'L', NULL, NULL, 100, 171),
(5913, 'Q', NULL, NULL, 101, 171),
(5914, 'G', NULL, NULL, 102, 171),
(5915, 'M', NULL, NULL, 103, 171),
(5916, 'A', NULL, NULL, 104, 171),
(5917, 'Y', NULL, NULL, 105, 171),
(5918, 'A', NULL, NULL, 106, 171),
(5919, 'L', NULL, NULL, 107, 171),
(5920, 'L', NULL, NULL, 108, 171),
(5921, 'A', NULL, NULL, 109, 172),
(5922, 'A', NULL, NULL, 110, 172),
(5923, 'V', NULL, NULL, 111, 172),
(5924, 'P', NULL, NULL, 112, 172),
(5925, 'V', NULL, NULL, 113, 172),
(5926, 'Q', NULL, NULL, 114, 172),
(5927, 'F', NULL, NULL, 115, 172),
(5928, 'G', NULL, NULL, 116, 172),
(5929, 'L', NULL, NULL, 117, 172),
(5930, 'Y', NULL, NULL, 118, 172),
(5931, 'S', NULL, NULL, 119, 172),
(5932, 'A', NULL, NULL, 120, 172),
(5933, 'F', NULL, NULL, 121, 172),
(5934, 'F', NULL, NULL, 122, 172),
(5935, 'P', NULL, NULL, 123, 172),
(5936, 'I', NULL, NULL, 124, 172),
(5937, 'L', NULL, NULL, 125, 172),
(5938, 'T', NULL, NULL, 126, 172),
(5939, 'Y', NULL, NULL, 127, 172),
(5940, 'F', NULL, NULL, 128, 172),
(5941, 'V', NULL, NULL, 129, 172),
(5942, 'F', NULL, NULL, 130, 172),
(5943, 'G', NULL, NULL, 131, 172),
(5944, 'T', NULL, NULL, 132, 172),
(5945, 'S', NULL, NULL, 133, 172),
(5946, 'R', NULL, NULL, 134, 172),
(5947, 'H', NULL, NULL, 135, 172),
(5948, 'I', NULL, NULL, 136, 173),
(5949, 'S', NULL, NULL, 137, 173),
(5950, 'V', NULL, NULL, 138, 173),
(5951, 'G', NULL, NULL, 139, 173),
(5952, 'P', NULL, NULL, 140, 173),
(5953, 'F', NULL, NULL, 141, 173),
(5954, 'P', NULL, NULL, 142, 173),
(5955, 'V', NULL, NULL, 143, 173),
(5956, 'V', NULL, NULL, 144, 173),
(5957, 'S', NULL, NULL, 145, 173),
(5958, 'L', NULL, NULL, 146, 173),
(5959, 'M', NULL, NULL, 147, 173),
(5960, 'V', NULL, NULL, 148, 173),
(5961, 'G', NULL, NULL, 149, 173),
(5962, 'S', NULL, NULL, 150, 173),
(5963, 'V', NULL, NULL, 151, 173),
(5964, 'V', NULL, NULL, 152, 173),
(5965, 'L', NULL, NULL, 153, 173),
(5966, 'S', NULL, NULL, 154, 173),
(5967, 'M', NULL, NULL, 155, 173),
(5968, 'A', NULL, NULL, 156, 173),
(5969, 'P', NULL, NULL, 157, 174),
(5970, 'D', NULL, NULL, 158, 174),
(5971, 'D', NULL, NULL, 159, 174),
(5972, 'H', NULL, NULL, 160, 174),
(5973, 'F', NULL, NULL, 161, 174),
(5974, 'L', NULL, NULL, 162, 174),
(5975, 'V', NULL, NULL, 163, 174),
(5976, 'P', NULL, NULL, 164, 174),
(5977, 'S', NULL, NULL, 165, 174),
(5978, 'G', NULL, NULL, 166, 174),
(5979, 'N', NULL, NULL, 167, 174),
(5980, 'G', NULL, NULL, 168, 174),
(5981, 'S', NULL, NULL, 169, 174),
(5982, 'A', NULL, NULL, 170, 174),
(5983, 'L', NULL, NULL, 171, 174),
(5984, 'N', NULL, NULL, 172, 174),
(5985, 'S', NULL, NULL, 173, 174),
(5986, 'T', NULL, NULL, 174, 174),
(5987, 'T', NULL, NULL, 175, 174),
(5988, 'L', NULL, NULL, 176, 174),
(5989, 'D', NULL, NULL, 177, 174),
(5990, 'T', NULL, NULL, 178, 174),
(5991, 'G', NULL, NULL, 179, 174),
(5992, 'T', NULL, NULL, 180, 174),
(5993, 'R', NULL, NULL, 181, 174),
(5994, 'D', NULL, NULL, 182, 174),
(5995, 'A', NULL, NULL, 183, 174),
(5996, 'A', NULL, NULL, 184, 174),
(5997, 'R', NULL, NULL, 185, 174),
(5998, 'V', NULL, NULL, 186, 174),
(5999, 'L', NULL, NULL, 187, 174),
(6000, 'L', NULL, NULL, 188, 174),
(6001, 'A', NULL, NULL, 189, 174),
(6002, 'S', NULL, NULL, 190, 174),
(6003, 'T', NULL, NULL, 191, 174),
(6004, 'L', NULL, NULL, 192, 175),
(6005, 'T', NULL, NULL, 193, 175),
(6006, 'L', NULL, NULL, 194, 175),
(6007, 'L', NULL, NULL, 195, 175),
(6008, 'V', NULL, NULL, 196, 175),
(6009, 'G', NULL, NULL, 197, 175),
(6010, 'I', NULL, NULL, 198, 175),
(6011, 'I', NULL, NULL, 199, 175),
(6012, 'Q', NULL, NULL, 200, 175),
(6013, 'L', NULL, NULL, 201, 175),
(6014, 'V', NULL, NULL, 202, 175),
(6015, 'F', NULL, NULL, 203, 175),
(6016, 'G', NULL, NULL, 204, 175),
(6017, 'G', NULL, NULL, 205, 175),
(6018, 'L', NULL, NULL, 206, 175),
(6019, 'Q', NULL, NULL, 207, 175),
(6020, 'I', NULL, NULL, 208, 175),
(6021, 'G', NULL, NULL, 209, 175),
(6022, 'F', NULL, NULL, 210, 175),
(6023, 'I', NULL, NULL, 211, 175),
(6024, 'V', NULL, NULL, 212, 175),
(6025, 'R', NULL, NULL, 213, 176),
(6026, 'Y', NULL, NULL, 214, 176),
(6027, 'L', NULL, NULL, 215, 176),
(6028, 'A', NULL, NULL, 216, 176),
(6029, 'D', NULL, NULL, 217, 176),
(6030, 'P', NULL, NULL, 218, 176),
(6031, 'L', NULL, NULL, 219, 176),
(6032, 'V', NULL, NULL, 220, 176),
(6033, 'G', NULL, NULL, 221, 176),
(6034, 'G', NULL, NULL, 222, 176),
(6035, 'F', NULL, NULL, 223, 176),
(6036, 'T', NULL, NULL, 224, 176),
(6037, 'T', NULL, NULL, 225, 176),
(6038, 'A', NULL, NULL, 226, 176),
(6039, 'A', NULL, NULL, 227, 176),
(6040, 'A', NULL, NULL, 228, 176),
(6041, 'F', NULL, NULL, 229, 176),
(6042, 'Q', NULL, NULL, 230, 176),
(6043, 'V', NULL, NULL, 231, 176),
(6044, 'L', NULL, NULL, 232, 176),
(6045, 'V', NULL, NULL, 233, 176),
(6046, 'S', NULL, NULL, 234, 176),
(6047, 'Q', NULL, NULL, 235, 176),
(6048, 'L', NULL, NULL, 236, 176),
(6049, 'K', NULL, NULL, 237, 176),
(6050, 'I', NULL, NULL, 238, 176),
(6051, 'V', NULL, NULL, 239, 176),
(6052, 'L', NULL, NULL, 240, 176),
(6053, 'N', NULL, NULL, 241, 176),
(6054, 'V', NULL, NULL, 242, 176),
(6055, 'S', NULL, NULL, 243, 176),
(6056, 'T', NULL, NULL, 244, 176),
(6057, 'K', NULL, NULL, 245, 176),
(6058, 'N', NULL, NULL, 246, 176),
(6059, 'Y', NULL, NULL, 247, 176),
(6060, 'N', NULL, NULL, 248, 176),
(6061, 'G', NULL, NULL, 249, 176),
(6062, 'I', NULL, NULL, 250, 176),
(6063, 'L', NULL, NULL, 251, 176),
(6064, 'S', NULL, NULL, 252, 176),
(6065, 'I', NULL, NULL, 253, 176),
(6066, 'I', NULL, NULL, 254, 176),
(6067, 'Y', NULL, NULL, 255, 176),
(6068, 'T', NULL, NULL, 256, 176),
(6069, 'L', NULL, NULL, 257, 176),
(6070, 'I', NULL, NULL, 258, 176),
(6071, 'E', NULL, NULL, 259, 176),
(6072, 'I', NULL, NULL, 260, 176),
(6073, 'F', NULL, NULL, 261, 176),
(6074, 'Q', NULL, NULL, 262, 176),
(6075, 'N', NULL, NULL, 263, 176),
(6076, 'I', NULL, NULL, 264, 177),
(6077, 'G', NULL, NULL, 265, 177),
(6078, 'D', NULL, NULL, 266, 177),
(6079, 'T', NULL, NULL, 267, 177),
(6080, 'N', NULL, NULL, 268, 177),
(6081, 'I', NULL, NULL, 269, 177),
(6082, 'A', NULL, NULL, 270, 177),
(6083, 'D', NULL, NULL, 271, 177),
(6084, 'F', NULL, NULL, 272, 177),
(6085, 'I', NULL, NULL, 273, 177),
(6086, 'A', NULL, NULL, 274, 177),
(6087, 'G', NULL, NULL, 275, 177),
(6088, 'L', NULL, NULL, 276, 177),
(6089, 'L', NULL, NULL, 277, 177),
(6090, 'T', NULL, NULL, 278, 177),
(6091, 'I', NULL, NULL, 279, 177),
(6092, 'I', NULL, NULL, 280, 177),
(6093, 'V', NULL, NULL, 281, 177),
(6094, 'C', NULL, NULL, 282, 177),
(6095, 'M', NULL, NULL, 283, 177),
(6096, 'A', NULL, NULL, 284, 177),
(6097, 'V', NULL, NULL, 285, 178),
(6098, 'K', NULL, NULL, 286, 178),
(6099, 'E', NULL, NULL, 287, 178),
(6100, 'L', NULL, NULL, 288, 178),
(6101, 'N', NULL, NULL, 289, 178),
(6102, 'D', NULL, NULL, 290, 178),
(6103, 'R', NULL, NULL, 291, 178),
(6104, 'F', NULL, NULL, 292, 178),
(6105, 'K', NULL, NULL, 293, 178),
(6106, 'H', NULL, NULL, 294, 178),
(6107, 'R', NULL, NULL, 295, 178),
(6108, 'I', NULL, NULL, 296, 178),
(6109, 'P', NULL, NULL, 297, 178),
(6110, 'V', NULL, NULL, 298, 178),
(6111, 'P', NULL, NULL, 299, 178),
(6112, 'I', NULL, NULL, 300, 178),
(6113, 'P', NULL, NULL, 301, 178),
(6114, 'I', NULL, NULL, 302, 178),
(6115, 'E', NULL, NULL, 303, 178),
(6116, 'V', NULL, NULL, 304, 178),
(6117, 'I', NULL, NULL, 305, 178),
(6118, 'V', NULL, NULL, 306, 178),
(6119, 'T', NULL, NULL, 307, 178),
(6120, 'I', NULL, NULL, 308, 178),
(6121, 'I', NULL, NULL, 309, 178),
(6122, 'A', NULL, NULL, 310, 178),
(6123, 'T', NULL, NULL, 311, 178),
(6124, 'A', NULL, NULL, 312, 178),
(6125, 'I', NULL, NULL, 313, 178),
(6126, 'S', NULL, NULL, 314, 178),
(6127, 'Y', NULL, NULL, 315, 178),
(6128, 'G', NULL, NULL, 316, 178),
(6129, 'A', NULL, NULL, 317, 178),
(6130, 'N', NULL, NULL, 318, 178),
(6131, 'L', NULL, NULL, 319, 178),
(6132, 'E', NULL, NULL, 320, 178),
(6133, 'K', NULL, NULL, 321, 178),
(6134, 'N', NULL, NULL, 322, 178),
(6135, 'Y', NULL, NULL, 323, 178),
(6136, 'N', NULL, NULL, 324, 178),
(6137, 'A', NULL, NULL, 325, 178),
(6138, 'G', NULL, NULL, 326, 178),
(6139, 'I', NULL, NULL, 327, 178),
(6140, 'V', NULL, NULL, 328, 178),
(6141, 'K', NULL, NULL, 329, 178),
(6142, 'S', NULL, NULL, 330, 178),
(6143, 'I', NULL, NULL, 331, 178),
(6144, 'P', NULL, NULL, 332, 178),
(6145, 'S', NULL, NULL, 333, 178),
(6146, 'G', NULL, NULL, 334, 178),
(6147, 'F', NULL, NULL, 335, 178),
(6148, 'L', NULL, NULL, 336, 178),
(6149, 'P', NULL, NULL, 337, 178),
(6150, 'P', NULL, NULL, 338, 178),
(6151, 'V', NULL, NULL, 339, 178),
(6152, 'L', NULL, NULL, 340, 178),
(6153, 'P', NULL, NULL, 341, 178),
(6154, 'S', NULL, NULL, 342, 178),
(6155, 'V', NULL, NULL, 343, 178),
(6156, 'G', NULL, NULL, 344, 178),
(6157, 'L', NULL, NULL, 345, 179),
(6158, 'F', NULL, NULL, 346, 179),
(6159, 'S', NULL, NULL, 347, 179),
(6160, 'D', NULL, NULL, 348, 179),
(6161, 'M', NULL, NULL, 349, 179),
(6162, 'L', NULL, NULL, 350, 179),
(6163, 'A', NULL, NULL, 351, 179),
(6164, 'A', NULL, NULL, 352, 179),
(6165, 'S', NULL, NULL, 353, 179),
(6166, 'F', NULL, NULL, 354, 179),
(6167, 'S', NULL, NULL, 355, 179),
(6168, 'I', NULL, NULL, 356, 179),
(6169, 'A', NULL, NULL, 357, 179),
(6170, 'V', NULL, NULL, 358, 179),
(6171, 'V', NULL, NULL, 359, 179),
(6172, 'A', NULL, NULL, 360, 179),
(6173, 'Y', NULL, NULL, 361, 179),
(6174, 'A', NULL, NULL, 362, 179),
(6175, 'I', NULL, NULL, 363, 179),
(6176, 'A', NULL, NULL, 364, 179),
(6177, 'V', NULL, NULL, 365, 179),
(6178, 'S', NULL, NULL, 366, 180),
(6179, 'V', NULL, NULL, 367, 180),
(6180, 'G', NULL, NULL, 368, 180),
(6181, 'K', NULL, NULL, 369, 180),
(6182, 'V', NULL, NULL, 370, 180),
(6183, 'Y', NULL, NULL, 371, 180),
(6184, 'A', NULL, NULL, 372, 180),
(6185, 'T', NULL, NULL, 373, 180),
(6186, 'K', NULL, NULL, 374, 180),
(6187, 'H', NULL, NULL, 375, 180),
(6188, 'D', NULL, NULL, 376, 180),
(6189, 'Y', NULL, NULL, 377, 180),
(6190, 'V', NULL, NULL, 378, 180),
(6191, 'I', NULL, NULL, 379, 180),
(6192, 'D', NULL, NULL, 380, 180),
(6193, 'G', NULL, NULL, 381, 180),
(6194, 'N', NULL, NULL, 382, 180),
(6195, 'Q', NULL, NULL, 383, 180),
(6196, 'E', NULL, NULL, 384, 180),
(6197, 'F', NULL, NULL, 385, 181),
(6198, 'I', NULL, NULL, 386, 181),
(6199, 'A', NULL, NULL, 387, 181),
(6200, 'F', NULL, NULL, 388, 181),
(6201, 'G', NULL, NULL, 389, 181),
(6202, 'I', NULL, NULL, 390, 181),
(6203, 'S', NULL, NULL, 391, 181),
(6204, 'N', NULL, NULL, 392, 181),
(6205, 'V', NULL, NULL, 393, 181),
(6206, 'F', NULL, NULL, 394, 181),
(6207, 'S', NULL, NULL, 395, 181),
(6208, 'G', NULL, NULL, 396, 181),
(6209, 'F', NULL, NULL, 397, 181),
(6210, 'F', NULL, NULL, 398, 181),
(6211, 'S', NULL, NULL, 399, 181),
(6212, 'C', NULL, NULL, 400, 181),
(6213, 'F', NULL, NULL, 401, 181),
(6214, 'V', NULL, NULL, 402, 181),
(6215, 'A', NULL, NULL, 403, 181),
(6216, 'T', NULL, NULL, 404, 181),
(6217, 'T', NULL, NULL, 405, 181),
(6218, 'A', NULL, NULL, 406, 182),
(6219, 'L', NULL, NULL, 407, 182),
(6220, 'S', NULL, NULL, 408, 182),
(6221, 'R', NULL, NULL, 409, 182),
(6222, 'T', NULL, NULL, 410, 182),
(6223, 'A', NULL, NULL, 411, 182),
(6224, 'V', NULL, NULL, 412, 182),
(6225, 'Q', NULL, NULL, 413, 182),
(6226, 'E', NULL, NULL, 414, 182),
(6227, 'S', NULL, NULL, 415, 182),
(6228, 'T', NULL, NULL, 416, 182),
(6229, 'G', NULL, NULL, 417, 182),
(6230, 'G', NULL, NULL, 418, 182),
(6231, 'K', NULL, NULL, 419, 182),
(6232, 'T', NULL, NULL, 420, 182),
(6233, 'Q', NULL, NULL, 421, 182),
(6234, 'V', NULL, NULL, 422, 183),
(6235, 'A', NULL, NULL, 423, 183),
(6236, 'G', NULL, NULL, 424, 183),
(6237, 'L', NULL, NULL, 425, 183),
(6238, 'I', NULL, NULL, 426, 183),
(6239, 'S', NULL, NULL, 427, 183),
(6240, 'A', NULL, NULL, 428, 183),
(6241, 'V', NULL, NULL, 429, 183),
(6242, 'I', NULL, NULL, 430, 183),
(6243, 'V', NULL, NULL, 431, 183),
(6244, 'M', NULL, NULL, 432, 183),
(6245, 'V', NULL, NULL, 433, 183),
(6246, 'A', NULL, NULL, 434, 183),
(6247, 'I', NULL, NULL, 435, 183),
(6248, 'V', NULL, NULL, 436, 183),
(6249, 'A', NULL, NULL, 437, 183),
(6250, 'L', NULL, NULL, 438, 183),
(6251, 'G', NULL, NULL, 439, 183),
(6252, 'R', NULL, NULL, 440, 183),
(6253, 'L', NULL, NULL, 441, 183),
(6254, 'L', NULL, NULL, 442, 183),
(6255, 'E', NULL, NULL, 443, 184),
(6256, 'P', NULL, NULL, 444, 184),
(6257, 'L', NULL, NULL, 445, 184),
(6258, 'Q', NULL, NULL, 446, 184),
(6259, 'K', NULL, NULL, 447, 184),
(6260, 'S', NULL, NULL, 448, 184),
(6261, 'V', NULL, NULL, 449, 184),
(6262, 'L', NULL, NULL, 450, 184),
(6263, 'A', NULL, NULL, 451, 184),
(6264, 'A', NULL, NULL, 452, 184),
(6265, 'V', NULL, NULL, 453, 184),
(6266, 'V', NULL, NULL, 454, 184),
(6267, 'I', NULL, NULL, 455, 184),
(6268, 'A', NULL, NULL, 456, 184),
(6269, 'N', NULL, NULL, 457, 184),
(6270, 'L', NULL, NULL, 458, 184),
(6271, 'K', NULL, NULL, 459, 184),
(6272, 'G', NULL, NULL, 460, 184),
(6273, 'M', NULL, NULL, 461, 184),
(6274, 'F', NULL, NULL, 462, 184),
(6275, 'M', NULL, NULL, 463, 184),
(6276, 'Q', NULL, NULL, 464, 184),
(6277, 'V', NULL, NULL, 465, 184),
(6278, 'C', NULL, NULL, 466, 184),
(6279, 'D', NULL, NULL, 467, 184),
(6280, 'V', NULL, NULL, 468, 184),
(6281, 'P', NULL, NULL, 469, 184),
(6282, 'R', NULL, NULL, 470, 184),
(6283, 'L', NULL, NULL, 471, 184),
(6284, 'W', NULL, NULL, 472, 184),
(6285, 'K', NULL, NULL, 473, 184),
(6286, 'Q', NULL, NULL, 474, 184),
(6287, 'N', NULL, NULL, 475, 184),
(6288, 'K', NULL, NULL, 476, 184),
(6289, 'T', NULL, NULL, 477, 184),
(6290, 'D', NULL, NULL, 478, 184),
(6291, 'A', NULL, NULL, 479, 184),
(6292, 'V', NULL, NULL, 480, 184),
(6293, 'I', NULL, NULL, 481, 184),
(6294, 'W', NULL, NULL, 482, 184),
(6295, 'V', NULL, NULL, 483, 184),
(6296, 'F', NULL, NULL, 484, 184),
(6297, 'T', NULL, NULL, 485, 184),
(6298, 'C', NULL, NULL, 486, 184),
(6299, 'I', NULL, NULL, 487, 185),
(6300, 'M', NULL, NULL, 488, 185),
(6301, 'S', NULL, NULL, 489, 185),
(6302, 'I', NULL, NULL, 490, 185),
(6303, 'I', NULL, NULL, 491, 185),
(6304, 'L', NULL, NULL, 492, 185),
(6305, 'G', NULL, NULL, 493, 185),
(6306, 'L', NULL, NULL, 494, 185),
(6307, 'D', NULL, NULL, 495, 185),
(6308, 'L', NULL, NULL, 496, 185),
(6309, 'G', NULL, NULL, 497, 185),
(6310, 'L', NULL, NULL, 498, 185),
(6311, 'L', NULL, NULL, 499, 185),
(6312, 'A', NULL, NULL, 500, 185),
(6313, 'G', NULL, NULL, 501, 185),
(6314, 'L', NULL, NULL, 502, 185),
(6315, 'L', NULL, NULL, 503, 185),
(6316, 'F', NULL, NULL, 504, 185),
(6317, 'A', NULL, NULL, 505, 185),
(6318, 'L', NULL, NULL, 506, 185),
(6319, 'L', NULL, NULL, 507, 185),
(6320, 'T', NULL, NULL, 508, 186),
(6321, 'V', NULL, NULL, 509, 186),
(6322, 'V', NULL, NULL, 510, 186),
(6323, 'L', NULL, NULL, 511, 186),
(6324, 'R', NULL, NULL, 512, 186),
(6325, 'V', NULL, NULL, 513, 186),
(6326, 'Q', NULL, NULL, 514, 186),
(6327, 'F', NULL, NULL, 515, 186),
(6328, 'P', NULL, NULL, 516, 186),
(6329, 'S', NULL, NULL, 517, 186),
(6330, 'W', NULL, NULL, 518, 186),
(6331, 'N', NULL, NULL, 519, 186),
(6332, 'G', NULL, NULL, 520, 186),
(6333, 'L', NULL, NULL, 521, 186),
(6334, 'G', NULL, NULL, 522, 186),
(6335, 'S', NULL, NULL, 523, 186),
(6336, 'V', NULL, NULL, 524, 186),
(6337, 'P', NULL, NULL, 525, 186),
(6338, 'S', NULL, NULL, 526, 186),
(6339, 'T', NULL, NULL, 527, 186),
(6340, 'D', NULL, NULL, 528, 186),
(6341, 'I', NULL, NULL, 529, 186),
(6342, 'Y', NULL, NULL, 530, 186),
(6343, 'K', NULL, NULL, 531, 186),
(6344, 'S', NULL, NULL, 532, 186),
(6345, 'I', NULL, NULL, 533, 186),
(6346, 'T', NULL, NULL, 534, 186),
(6347, 'H', NULL, NULL, 535, 186),
(6348, 'Y', NULL, NULL, 536, 186),
(6349, 'K', NULL, NULL, 537, 186),
(6350, 'N', NULL, NULL, 538, 186),
(6351, 'L', NULL, NULL, 539, 186),
(6352, 'E', NULL, NULL, 540, 186),
(6353, 'E', NULL, NULL, 541, 186),
(6354, 'P', NULL, NULL, 542, 186),
(6355, 'E', NULL, NULL, 543, 186),
(6356, 'G', NULL, NULL, 544, 186),
(6357, 'V', NULL, NULL, 545, 186),
(6358, 'K', NULL, NULL, 546, 186),
(6359, 'I', NULL, NULL, 547, 186),
(6360, 'L', NULL, NULL, 548, 186),
(6361, 'R', NULL, NULL, 549, 186),
(6362, 'F', NULL, NULL, 550, 186),
(6363, 'S', NULL, NULL, 551, 186),
(6364, 'S', NULL, NULL, 552, 186),
(6365, 'P', NULL, NULL, 553, 186),
(6366, 'I', NULL, NULL, 554, 186),
(6367, 'F', NULL, NULL, 555, 186),
(6368, 'Y', NULL, NULL, 556, 186),
(6369, 'G', NULL, NULL, 557, 186),
(6370, 'N', NULL, NULL, 558, 186),
(6371, 'V', NULL, NULL, 559, 186),
(6372, 'D', NULL, NULL, 560, 186),
(6373, 'G', NULL, NULL, 561, 186),
(6374, 'F', NULL, NULL, 562, 186),
(6375, 'K', NULL, NULL, 563, 186),
(6376, 'K', NULL, NULL, 564, 186),
(6377, 'C', NULL, NULL, 565, 186),
(6378, 'I', NULL, NULL, 566, 186),
(6379, 'N', NULL, NULL, 567, 186),
(6380, 'S', NULL, NULL, 568, 186),
(6381, 'T', NULL, NULL, 569, 186),
(6382, 'V', NULL, NULL, 570, 186),
(6383, 'G', NULL, NULL, 571, 186),
(6384, 'F', NULL, NULL, 572, 186),
(6385, 'D', NULL, NULL, 573, 186),
(6386, 'A', NULL, NULL, 574, 186),
(6387, 'I', NULL, NULL, 575, 186),
(6388, 'R', NULL, NULL, 576, 186),
(6389, 'V', NULL, NULL, 577, 186),
(6390, 'Y', NULL, NULL, 578, 186),
(6391, 'N', NULL, NULL, 579, 186),
(6392, 'K', NULL, NULL, 580, 186),
(6393, 'R', NULL, NULL, 581, 186),
(6394, 'L', NULL, NULL, 582, 186),
(6395, 'K', NULL, NULL, 583, 186),
(6396, 'A', NULL, NULL, 584, 186),
(6397, 'L', NULL, NULL, 585, 186),
(6398, 'R', NULL, NULL, 586, 186),
(6399, 'R', NULL, NULL, 587, 186),
(6400, 'I', NULL, NULL, 588, 186),
(6401, 'Q', NULL, NULL, 589, 186),
(6402, 'K', NULL, NULL, 590, 186),
(6403, 'L', NULL, NULL, 591, 186),
(6404, 'I', NULL, NULL, 592, 186),
(6405, 'K', NULL, NULL, 593, 186),
(6406, 'K', NULL, NULL, 594, 186),
(6407, 'G', NULL, NULL, 595, 186),
(6408, 'Q', NULL, NULL, 596, 186),
(6409, 'L', NULL, NULL, 597, 186),
(6410, 'R', NULL, NULL, 598, 186),
(6411, 'A', NULL, NULL, 599, 186),
(6412, 'T', NULL, NULL, 600, 186),
(6413, 'K', NULL, NULL, 601, 186),
(6414, 'N', NULL, NULL, 602, 186),
(6415, 'G', NULL, NULL, 603, 186),
(6416, 'I', NULL, NULL, 604, 186),
(6417, 'I', NULL, NULL, 605, 186),
(6418, 'S', NULL, NULL, 606, 186),
(6419, 'D', NULL, NULL, 607, 186),
(6420, 'I', NULL, NULL, 608, 186),
(6421, 'G', NULL, NULL, 609, 186),
(6422, 'S', NULL, NULL, 610, 186),
(6423, 'S', NULL, NULL, 611, 186),
(6424, 'N', NULL, NULL, 612, 186),
(6425, 'N', NULL, NULL, 613, 186),
(6426, 'A', NULL, NULL, 614, 186),
(6427, 'F', NULL, NULL, 615, 186),
(6428, 'E', NULL, NULL, 616, 186),
(6429, 'P', NULL, NULL, 617, 186),
(6430, 'D', NULL, NULL, 618, 186),
(6431, 'E', NULL, NULL, 619, 186),
(6432, 'D', NULL, NULL, 620, 186),
(6433, 'V', NULL, NULL, 621, 186),
(6434, 'E', NULL, NULL, 622, 186),
(6435, 'E', NULL, NULL, 623, 186),
(6436, 'P', NULL, NULL, 624, 186),
(6437, 'E', NULL, NULL, 625, 186),
(6438, 'E', NULL, NULL, 626, 186),
(6439, 'L', NULL, NULL, 627, 186),
(6440, 'N', NULL, NULL, 628, 186),
(6441, 'I', NULL, NULL, 629, 186),
(6442, 'P', NULL, NULL, 630, 186),
(6443, 'T', NULL, NULL, 631, 186),
(6444, 'K', NULL, NULL, 632, 186),
(6445, 'E', NULL, NULL, 633, 186),
(6446, 'I', NULL, NULL, 634, 186),
(6447, 'E', NULL, NULL, 635, 186),
(6448, 'I', NULL, NULL, 636, 186),
(6449, 'Q', NULL, NULL, 637, 186),
(6450, 'V', NULL, NULL, 638, 186),
(6451, 'D', NULL, NULL, 639, 186),
(6452, 'W', NULL, NULL, 640, 186),
(6453, 'N', NULL, NULL, 641, 186),
(6454, 'S', NULL, NULL, 642, 186),
(6455, 'E', NULL, NULL, 643, 186),
(6456, 'L', NULL, NULL, 644, 186),
(6457, 'P', NULL, NULL, 645, 186),
(6458, 'V', NULL, NULL, 646, 186),
(6459, 'K', NULL, NULL, 647, 186),
(6460, 'V', NULL, NULL, 648, 186),
(6461, 'N', NULL, NULL, 649, 186),
(6462, 'V', NULL, NULL, 650, 186),
(6463, 'P', NULL, NULL, 651, 186),
(6464, 'K', NULL, NULL, 652, 186),
(6465, 'V', NULL, NULL, 653, 186),
(6466, 'P', NULL, NULL, 654, 186),
(6467, 'I', NULL, NULL, 655, 186),
(6468, 'H', NULL, NULL, 656, 186),
(6469, 'S', NULL, NULL, 657, 186),
(6470, 'L', NULL, NULL, 658, 186),
(6471, 'V', NULL, NULL, 659, 186),
(6472, 'L', NULL, NULL, 660, 186),
(6473, 'D', NULL, NULL, 661, 186),
(6474, 'C', NULL, NULL, 662, 186),
(6475, 'G', NULL, NULL, 663, 186),
(6476, 'A', NULL, NULL, 664, 186),
(6477, 'V', NULL, NULL, 665, 186),
(6478, 'S', NULL, NULL, 666, 186),
(6479, 'F', NULL, NULL, 667, 186),
(6480, 'L', NULL, NULL, 668, 186),
(6481, 'D', NULL, NULL, 669, 186),
(6482, 'V', NULL, NULL, 670, 186),
(6483, 'V', NULL, NULL, 671, 186),
(6484, 'G', NULL, NULL, 672, 186),
(6485, 'V', NULL, NULL, 673, 186),
(6486, 'R', NULL, NULL, 674, 186),
(6487, 'S', NULL, NULL, 675, 186),
(6488, 'L', NULL, NULL, 676, 186),
(6489, 'R', NULL, NULL, 677, 186),
(6490, 'M', NULL, NULL, 678, 186),
(6491, 'I', NULL, NULL, 679, 186),
(6492, 'V', NULL, NULL, 680, 186),
(6493, 'K', NULL, NULL, 681, 186),
(6494, 'E', NULL, NULL, 682, 186),
(6495, 'F', NULL, NULL, 683, 186),
(6496, 'Q', NULL, NULL, 684, 186),
(6497, 'R', NULL, NULL, 685, 186),
(6498, 'I', NULL, NULL, 686, 186),
(6499, 'D', NULL, NULL, 687, 186),
(6500, 'V', NULL, NULL, 688, 186),
(6501, 'N', NULL, NULL, 689, 186),
(6502, 'V', NULL, NULL, 690, 186),
(6503, 'Y', NULL, NULL, 691, 186),
(6504, 'F', NULL, NULL, 692, 186),
(6505, 'A', NULL, NULL, 693, 186),
(6506, 'L', NULL, NULL, 694, 186),
(6507, 'L', NULL, NULL, 695, 186),
(6508, 'Q', NULL, NULL, 696, 186),
(6509, 'D', NULL, NULL, 697, 186),
(6510, 'D', NULL, NULL, 698, 186),
(6511, 'V', NULL, NULL, 699, 186),
(6512, 'L', NULL, NULL, 700, 186),
(6513, 'E', NULL, NULL, 701, 186),
(6514, 'K', NULL, NULL, 702, 186),
(6515, 'M', NULL, NULL, 703, 186),
(6516, 'E', NULL, NULL, 704, 186),
(6517, 'Q', NULL, NULL, 705, 186),
(6518, 'C', NULL, NULL, 706, 186),
(6519, 'G', NULL, NULL, 707, 186),
(6520, 'F', NULL, NULL, 708, 186),
(6521, 'F', NULL, NULL, 709, 186),
(6522, 'D', NULL, NULL, 710, 186),
(6523, 'D', NULL, NULL, 711, 186),
(6524, 'N', NULL, NULL, 712, 186),
(6525, 'I', NULL, NULL, 713, 186),
(6526, 'R', NULL, NULL, 714, 186),
(6527, 'K', NULL, NULL, 715, 186),
(6528, 'D', NULL, NULL, 716, 186),
(6529, 'R', NULL, NULL, 717, 186),
(6530, 'F', NULL, NULL, 718, 186),
(6531, 'F', NULL, NULL, 719, 186),
(6532, 'L', NULL, NULL, 720, 186),
(6533, 'T', NULL, NULL, 721, 186),
(6534, 'V', NULL, NULL, 722, 186),
(6535, 'H', NULL, NULL, 723, 186),
(6536, 'D', NULL, NULL, 724, 186),
(6537, 'A', NULL, NULL, 725, 186),
(6538, 'I', NULL, NULL, 726, 186),
(6539, 'L', NULL, NULL, 727, 186),
(6540, 'H', NULL, NULL, 728, 186),
(6541, 'L', NULL, NULL, 729, 186),
(6542, 'Q', NULL, NULL, 730, 186),
(6543, 'N', NULL, NULL, 731, 186),
(6544, 'Q', NULL, NULL, 732, 186),
(6545, 'V', NULL, NULL, 733, 186),
(6546, 'K', NULL, NULL, 734, 186),
(6547, 'S', NULL, NULL, 735, 186),
(6548, 'R', NULL, NULL, 736, 186),
(6549, 'E', NULL, NULL, 737, 186),
(6550, 'G', NULL, NULL, 738, 186),
(6551, 'Q', NULL, NULL, 739, 186),
(6552, 'D', NULL, NULL, 740, 186),
(6553, 'S', NULL, NULL, 741, 186),
(6554, 'L', NULL, NULL, 742, 186),
(6555, 'L', NULL, NULL, 743, 186),
(6556, 'E', NULL, NULL, 744, 186),
(6557, 'T', NULL, NULL, 745, 186),
(6558, 'V', NULL, NULL, 746, 186),
(6559, 'A', NULL, NULL, 747, 186),
(6560, 'R', NULL, NULL, 748, 186),
(6561, 'I', NULL, NULL, 749, 186),
(6562, 'R', NULL, NULL, 750, 186),
(6563, 'D', NULL, NULL, 751, 186),
(6564, 'C', NULL, NULL, 752, 186),
(6565, 'K', NULL, NULL, 753, 186),
(6566, 'D', NULL, NULL, 754, 186),
(6567, 'P', NULL, NULL, 755, 186),
(6568, 'L', NULL, NULL, 756, 186),
(6569, 'D', NULL, NULL, 757, 186),
(6570, 'L', NULL, NULL, 758, 186),
(6571, 'M', NULL, NULL, 759, 186),
(6572, 'E', NULL, NULL, 760, 186),
(6573, 'A', NULL, NULL, 761, 186),
(6574, 'E', NULL, NULL, 762, 186),
(6575, 'M', NULL, NULL, 763, 186),
(6576, 'N', NULL, NULL, 764, 186),
(6577, 'A', NULL, NULL, 765, 186),
(6578, 'E', NULL, NULL, 766, 186),
(6579, 'E', NULL, NULL, 767, 186),
(6580, 'L', NULL, NULL, 768, 186),
(6581, 'D', NULL, NULL, 769, 186),
(6582, 'V', NULL, NULL, 770, 186),
(6583, 'Q', NULL, NULL, 771, 186),
(6584, 'D', NULL, NULL, 772, 186),
(6585, 'E', NULL, NULL, 773, 186),
(6586, 'A', NULL, NULL, 774, 186),
(6587, 'M', NULL, NULL, 775, 186),
(6588, 'R', NULL, NULL, 776, 186),
(6589, 'R', NULL, NULL, 777, 186),
(6590, 'L', NULL, NULL, 778, 186),
(6591, 'A', NULL, NULL, 779, 186),
(6592, 'S', NULL, NULL, 780, 186);

INSERT INTO `representations` (`id`, `peptide_id`, `title`, `description`, `params`) VALUES
(2, 3, 'oxgr1', NULL, '{"dimension":{"minX":-11,"maxX":1195.9924700227,"minY":-443.53651222658,"maxY":402.83098861838},"membrane":{"minY":-140.7055236082,"maxY":0}}'),
(3, 4, 'pendrin', NULL, '{"dimension":{"minX":-11,"maxX":3194.0988618379,"minY":-443.53651222658,"maxY":342.83098861838},"membrane":{"minY":-140.7055236082,"maxY":0}}');

INSERT INTO `structural_geometries` (`id`, `representation_id`, `region_id`, `type`, `params`, `pos`) VALUES
(4, 2, 3, 'undefined', NULL, 1),
(5, 2, 4, 'undefined', NULL, 2),
(6, 2, 5, 'undefined', NULL, 3),
(7, 2, 6, 'undefined', NULL, 4),
(8, 2, 7, 'undefined', NULL, 5),
(9, 2, 8, 'undefined', NULL, 6),
(10, 2, 9, 'undefined', NULL, 7),
(11, 3, 170, 'undefined', NULL, 1),
(12, 3, 171, 'undefined', NULL, 2),
(13, 3, 172, 'undefined', NULL, 3),
(14, 3, 173, 'undefined', NULL, 4),
(15, 3, 174, 'undefined', NULL, 5),
(16, 3, 175, 'undefined', NULL, 6),
(17, 3, 176, 'undefined', NULL, 7),
(18, 3, 177, 'undefined', NULL, 8),
(19, 3, 178, 'undefined', NULL, 9),
(20, 3, 179, 'undefined', NULL, 10),
(21, 3, 180, 'undefined', NULL, 11),
(22, 3, 181, 'undefined', NULL, 12),
(23, 3, 182, 'undefined', NULL, 13),
(24, 3, 183, 'undefined', NULL, 14),
(25, 3, 184, 'undefined', NULL, 15),
(26, 3, 185, 'undefined', NULL, 16),
(27, 3, 186, 'undefined', NULL, 17);

INSERT INTO `structural_coordinates` (`id`, `structural_geometry_id`, `amino_acid_id`, `coordinate`, `pos`) VALUES
(4, 4, 19, '0/20', 0),
(5, 4, 20, '-1.2246063538224E-15/40', 0),
(6, 4, 21, '-2.4492127076448E-15/60', 0),
(7, 4, 22, '-3.6738190614671E-15/80', 0),
(8, 4, 23, '-4.8984254152895E-15/100', 0),
(9, 4, 24, '-4.8984254152895E-15/120', 0),
(10, 4, 25, '-6.1230317691119E-15/140', 0),
(11, 4, 26, '-7.3476381229343E-15/160', 0),
(12, 4, 27, '-8.5722444767566E-15/180', 0),
(13, 4, 28, '-9.796850830579E-15/200', 0),
(14, 4, 29, '-1.0658141036402E-14/220', 0),
(15, 4, 30, '12.732395447352/242.05315581687', 0),
(16, 4, 31, '38.197186342055/242.05315581687', 0),
(17, 4, 32, '50.929581789406/220', 0),
(18, 4, 33, '50.929581789406/200', 0),
(19, 4, 34, '50.929581789406/180', 0),
(20, 4, 35, '50.929581789406/160', 0),
(21, 4, 36, '50.929581789406/140', 0),
(22, 4, 37, '50.929581789406/120', 0),
(23, 4, 38, '50.929581789406/100', 0),
(24, 4, 39, '63.661977236758/77.946844183128', 0),
(25, 4, 40, '89.126768131461/77.946844183128', 0),
(26, 4, 41, '101.85916357881/100', 0),
(27, 4, 42, '101.85916357881/120', 0),
(28, 4, 43, '101.85916357881/140', 0),
(29, 4, 44, '101.85916357881/160', 0),
(30, 4, 45, '101.85916357881/180', 0),
(31, 4, 46, '101.85916357881/200', 0),
(32, 4, 47, '101.85916357881/220', 0),
(33, 4, 48, '114.59155902616/242.05315581687', 0),
(34, 4, 49, '140.05634992087/242.05315581687', 0),
(35, 4, 50, '152.78874536822/220', 0),
(36, 4, 51, '152.78874536822/200', 0),
(37, 4, 52, '152.78874536822/180', 0),
(38, 4, 53, '152.78874536822/160', 0),
(39, 4, 54, '152.78874536822/140', 0),
(40, 4, 55, '152.78874536822/120', 0),
(41, 4, 56, '152.78874536822/100', 0),
(42, 4, 57, '152.78874536822/80', 0),
(43, 4, 58, '152.78874536822/60', 0),
(44, 4, 59, '152.78874536822/40', 0),
(45, 4, 60, '152.78874536822/20', 0),
(46, 5, 61, '152.78874536822/0', 0),
(47, 5, 62, '172.107261894/-5.1763809020504', 0),
(48, 5, 63, '191.42577841978/-10.352761804101', 0),
(49, 5, 64, '210.74429494556/-15.529142706151', 0),
(50, 5, 65, '172.107261894/-25.17638090205', 0),
(51, 5, 66, '191.42577841978/-30.352761804101', 0),
(52, 5, 67, '210.74429494556/-35.529142706151', 0),
(53, 5, 68, '230.06281147135/-40.705523608202', 0),
(54, 5, 69, '152.78874536822/-40', 0),
(55, 5, 70, '172.107261894/-45.17638090205', 0),
(56, 5, 71, '191.42577841978/-50.352761804101', 0),
(57, 5, 72, '210.74429494556/-55.529142706151', 0),
(58, 5, 73, '172.107261894/-65.17638090205', 0),
(59, 5, 74, '191.42577841978/-70.352761804101', 0),
(60, 5, 75, '210.74429494556/-75.529142706151', 0),
(61, 5, 76, '230.06281147135/-80.705523608202', 0),
(62, 5, 77, '249.38132799713/-85.881904510252', 0),
(63, 5, 78, '268.69984452291/-91.058285412303', 0),
(64, 5, 79, '152.78874536822/-80', 0),
(65, 5, 80, '172.107261894/-85.17638090205', 0),
(66, 5, 81, '191.42577841978/-90.352761804101', 0),
(67, 5, 82, '210.74429494556/-95.529142706151', 0),
(68, 5, 83, '172.107261894/-105.17638090205', 0),
(69, 5, 84, '191.42577841978/-110.3527618041', 0),
(70, 5, 85, '210.74429494556/-115.52914270615', 0),
(71, 5, 86, '230.06281147135/-120.7055236082', 0),
(72, 6, 87, '230.06281147135/-140.7055236082', 0),
(73, 6, 88, '230.06281147135/-160.7055236082', 0),
(74, 6, 89, '230.06281147135/-180.7055236082', 0),
(75, 6, 90, '230.06281147135/-200.7055236082', 0),
(76, 6, 91, '230.06281147135/-220.7055236082', 0),
(77, 6, 92, '230.06281147135/-240.7055236082', 0),
(78, 6, 93, '230.06281147135/-260.7055236082', 0),
(79, 6, 94, '230.06281147135/-280.7055236082', 0),
(80, 6, 95, '230.06281147135/-300.7055236082', 0),
(81, 6, 96, '230.06281147135/-320.7055236082', 0),
(82, 6, 97, '230.06281147135/-340.7055236082', 0),
(83, 6, 98, '230.06281147135/-360.7055236082', 0),
(84, 6, 99, '230.06281147135/-380.7055236082', 0),
(85, 6, 100, '230.06281147135/-400.7055236082', 0),
(86, 6, 101, '239.3858921858/-423.21343151213', 0),
(87, 6, 102, '261.89380008972/-432.53651222658', 0),
(88, 6, 103, '284.40170799365/-423.21343151213', 0),
(89, 6, 104, '293.7247887081/-400.7055236082', 0),
(90, 6, 105, '293.7247887081/-380.7055236082', 0),
(91, 6, 106, '293.7247887081/-360.7055236082', 0),
(92, 6, 107, '293.7247887081/-340.7055236082', 0),
(93, 6, 108, '293.7247887081/-320.7055236082', 0),
(94, 6, 109, '293.7247887081/-300.7055236082', 0),
(95, 6, 110, '293.7247887081/-280.7055236082', 0),
(96, 6, 111, '303.04786942255/-258.19761570427', 0),
(97, 6, 112, '325.55577732648/-248.87453498982', 0),
(98, 6, 113, '348.06368523041/-258.19761570427', 0),
(99, 6, 114, '357.38676594486/-280.7055236082', 0),
(100, 6, 115, '357.38676594486/-300.7055236082', 0),
(101, 6, 116, '357.38676594486/-320.7055236082', 0),
(102, 6, 117, '357.38676594486/-340.7055236082', 0),
(103, 6, 118, '357.38676594486/-360.7055236082', 0),
(104, 6, 119, '357.38676594486/-380.7055236082', 0),
(105, 6, 120, '357.38676594486/-400.7055236082', 0),
(106, 6, 121, '366.70984665931/-423.21343151213', 0),
(107, 6, 122, '389.21775456324/-432.53651222658', 0),
(108, 6, 123, '411.72566246717/-423.21343151213', 0),
(109, 6, 124, '421.04874318162/-400.7055236082', 0),
(110, 6, 125, '421.04874318162/-380.7055236082', 0),
(111, 6, 126, '421.04874318162/-360.7055236082', 0),
(112, 6, 127, '421.04874318162/-340.7055236082', 0),
(113, 6, 128, '421.04874318162/-320.7055236082', 0),
(114, 6, 129, '421.04874318162/-300.7055236082', 0),
(115, 6, 130, '421.04874318162/-280.7055236082', 0),
(116, 6, 131, '421.04874318162/-260.7055236082', 0),
(117, 6, 132, '421.04874318162/-240.7055236082', 0),
(118, 6, 133, '421.04874318162/-220.7055236082', 0),
(119, 6, 134, '421.04874318162/-200.7055236082', 0),
(120, 6, 135, '421.04874318162/-180.7055236082', 0),
(121, 6, 136, '421.04874318162/-160.7055236082', 0),
(122, 6, 137, '421.04874318162/-140.7055236082', 0),
(123, 7, 138, '421.04874318162/-120.7055236082', 0),
(124, 7, 139, '401.73022665584/-115.52914270615', 0),
(125, 7, 140, '382.41171013006/-110.3527618041', 0),
(126, 7, 141, '363.09319360428/-105.17638090205', 0),
(127, 7, 142, '401.73022665584/-95.529142706151', 0),
(128, 7, 143, '382.41171013006/-90.352761804101', 0),
(129, 7, 144, '363.09319360428/-85.17638090205', 0),
(130, 7, 145, '343.77467707849/-80', 0),
(131, 7, 146, '421.04874318162/-80.705523608202', 0),
(132, 7, 147, '401.73022665584/-75.529142706151', 0),
(133, 7, 148, '382.41171013006/-70.352761804101', 0),
(134, 7, 149, '363.09319360428/-65.17638090205', 0),
(135, 7, 150, '401.73022665584/-55.529142706151', 0),
(136, 7, 151, '421.04874318162/-40.705523608202', 0),
(137, 7, 152, '401.73022665584/-35.529142706151', 0),
(138, 7, 153, '382.41171013006/-30.352761804101', 0),
(139, 7, 154, '363.09319360428/-25.17638090205', 0),
(140, 7, 155, '401.73022665584/-15.529142706151', 0),
(141, 7, 156, '382.41171013006/-10.352761804101', 0),
(142, 7, 157, '363.09319360428/-5.1763809020505', 0),
(143, 7, 158, '343.77467707849/-4.7961634663807E-14', 0),
(144, 8, 159, '343.77467707849/20', 0),
(145, 8, 160, '343.77467707849/40', 0),
(146, 8, 161, '343.77467707849/60', 0),
(147, 8, 162, '343.77467707849/80', 0),
(148, 8, 163, '343.77467707849/100', 0),
(149, 8, 164, '343.77467707849/120', 0),
(150, 8, 165, '343.77467707849/140', 0),
(151, 8, 166, '343.77467707849/160', 0),
(152, 8, 167, '343.77467707849/180', 0),
(153, 8, 168, '343.77467707849/200', 0),
(154, 8, 169, '343.77467707849/220', 0),
(155, 8, 170, '343.77467707849/240', 0),
(156, 8, 171, '343.77467707849/260', 0),
(157, 8, 172, '343.77467707849/280', 0),
(158, 8, 173, '343.77467707849/300', 0),
(159, 8, 174, '343.77467707849/320', 0),
(160, 8, 175, '343.77467707849/340', 0),
(161, 8, 176, '343.77467707849/360', 0),
(162, 8, 177, '353.09775779295/382.50790790393', 0),
(163, 8, 178, '375.60566569687/391.83098861838', 0),
(164, 8, 179, '398.1135736008/382.50790790393', 0),
(165, 8, 180, '407.43665431525/360', 0),
(166, 8, 181, '407.43665431525/340', 0),
(167, 8, 182, '407.43665431525/320', 0),
(168, 8, 183, '407.43665431525/300', 0),
(169, 8, 184, '407.43665431525/280', 0),
(170, 8, 185, '407.43665431525/260', 0),
(171, 8, 186, '407.43665431525/240', 0),
(172, 8, 187, '416.7597350297/217.49209209607', 0),
(173, 8, 188, '439.26764293363/208.16901138162', 0),
(174, 8, 189, '461.77555083756/217.49209209607', 0),
(175, 8, 190, '471.09863155201/240', 0),
(176, 8, 191, '471.09863155201/260', 0),
(177, 8, 192, '471.09863155201/280', 0),
(178, 8, 193, '471.09863155201/300', 0),
(179, 8, 194, '471.09863155201/320', 0),
(180, 8, 195, '471.09863155201/340', 0),
(181, 8, 196, '471.09863155201/360', 0),
(182, 8, 197, '480.42171226646/382.50790790393', 0),
(183, 8, 198, '502.92962017039/391.83098861838', 0),
(184, 8, 199, '525.43752807432/382.50790790393', 0),
(185, 8, 200, '534.76060878877/360', 0),
(186, 8, 201, '534.76060878877/340', 0),
(187, 8, 202, '534.76060878877/320', 0),
(188, 8, 203, '534.76060878877/300', 0),
(189, 8, 204, '534.76060878877/280', 0),
(190, 8, 205, '534.76060878877/260', 0),
(191, 8, 206, '534.76060878877/240', 0),
(192, 8, 207, '534.76060878877/220', 0),
(193, 8, 208, '534.76060878877/200', 0),
(194, 8, 209, '534.76060878877/180', 0),
(195, 8, 210, '534.76060878877/160', 0),
(196, 8, 211, '534.76060878877/140', 0),
(197, 8, 212, '534.76060878877/120', 0),
(198, 8, 213, '534.76060878877/100', 0),
(199, 8, 214, '534.76060878877/80', 0),
(200, 8, 215, '534.76060878877/60', 0),
(201, 8, 216, '534.76060878877/40', 0),
(202, 8, 217, '534.76060878877/20', 0),
(203, 9, 218, '534.76060878877/-5.6843418860808E-14', 0),
(204, 9, 219, '554.07912531455/-5.1763809020505', 0),
(205, 9, 220, '573.39764184033/-10.352761804101', 0),
(206, 9, 221, '592.71615836611/-15.529142706151', 0),
(207, 9, 222, '554.07912531455/-25.17638090205', 0),
(208, 9, 223, '573.39764184033/-30.352761804101', 0),
(209, 9, 224, '592.71615836611/-35.529142706151', 0),
(210, 9, 225, '612.03467489189/-40.705523608202', 0),
(211, 9, 226, '534.76060878877/-40', 0),
(212, 9, 227, '554.07912531455/-45.17638090205', 0),
(213, 9, 228, '573.39764184033/-50.352761804101', 0),
(214, 9, 229, '592.71615836611/-55.529142706151', 0),
(215, 9, 230, '554.07912531455/-65.17638090205', 0),
(216, 9, 231, '573.39764184033/-70.352761804101', 0),
(217, 9, 232, '592.71615836611/-75.529142706151', 0),
(218, 9, 233, '612.03467489189/-80.705523608202', 0),
(219, 9, 234, '631.35319141768/-85.881904510252', 0),
(220, 9, 235, '650.67170794346/-91.058285412303', 0),
(221, 9, 236, '534.76060878877/-80', 0),
(222, 9, 237, '554.07912531455/-85.17638090205', 0),
(223, 9, 238, '573.39764184033/-90.352761804101', 0),
(224, 9, 239, '592.71615836611/-95.529142706151', 0),
(225, 9, 240, '554.07912531455/-105.17638090205', 0),
(226, 9, 241, '573.39764184033/-110.3527618041', 0),
(227, 9, 242, '592.71615836611/-115.52914270615', 0),
(228, 9, 243, '612.03467489189/-120.7055236082', 0),
(229, 10, 244, '612.03467489189/-140.7055236082', 0),
(230, 10, 245, '612.03467489189/-160.7055236082', 0),
(231, 10, 246, '612.03467489189/-180.7055236082', 0),
(232, 10, 247, '612.03467489189/-200.7055236082', 0),
(233, 10, 248, '612.03467489189/-220.7055236082', 0),
(234, 10, 249, '612.03467489189/-240.7055236082', 0),
(235, 10, 250, '612.03467489189/-260.7055236082', 0),
(236, 10, 251, '612.03467489189/-280.7055236082', 0),
(237, 10, 252, '612.03467489189/-300.7055236082', 0),
(238, 10, 253, '612.03467489189/-320.7055236082', 0),
(239, 10, 254, '612.03467489189/-340.7055236082', 0),
(240, 10, 255, '612.03467489189/-360.7055236082', 0),
(241, 10, 256, '612.03467489189/-380.7055236082', 0),
(242, 10, 257, '612.03467489189/-400.7055236082', 0),
(243, 10, 258, '621.35775560635/-423.21343151213', 0),
(244, 10, 259, '643.86566351027/-432.53651222658', 0),
(245, 10, 260, '666.3735714142/-423.21343151213', 0),
(246, 10, 261, '675.69665212865/-400.7055236082', 0),
(247, 10, 262, '675.69665212865/-380.7055236082', 0),
(248, 10, 263, '675.69665212865/-360.7055236082', 0),
(249, 10, 264, '675.69665212865/-340.7055236082', 0),
(250, 10, 265, '675.69665212865/-320.7055236082', 0),
(251, 10, 266, '675.69665212865/-300.7055236082', 0),
(252, 10, 267, '675.69665212865/-280.7055236082', 0),
(253, 10, 268, '685.0197328431/-258.19761570427', 0),
(254, 10, 269, '707.52764074703/-248.87453498982', 0),
(255, 10, 270, '730.03554865096/-258.19761570427', 0),
(256, 10, 271, '739.35862936541/-280.7055236082', 0),
(257, 10, 272, '739.35862936541/-300.7055236082', 0),
(258, 10, 273, '739.35862936541/-320.7055236082', 0),
(259, 10, 274, '739.35862936541/-340.7055236082', 0),
(260, 10, 275, '739.35862936541/-360.7055236082', 0),
(261, 10, 276, '739.35862936541/-380.7055236082', 0),
(262, 10, 277, '739.35862936541/-400.7055236082', 0),
(263, 10, 278, '748.68171007986/-423.21343151213', 0),
(264, 10, 279, '771.18961798379/-432.53651222658', 0),
(265, 10, 280, '793.69752588772/-423.21343151213', 0),
(266, 10, 281, '803.02060660217/-400.7055236082', 0),
(267, 10, 282, '803.02060660217/-380.7055236082', 0),
(268, 10, 283, '803.02060660217/-360.7055236082', 0),
(269, 10, 284, '803.02060660217/-340.7055236082', 0),
(270, 10, 285, '803.02060660217/-320.7055236082', 0),
(271, 10, 286, '803.02060660217/-300.7055236082', 0),
(272, 10, 287, '803.02060660217/-280.7055236082', 0),
(273, 10, 288, '812.34368731662/-258.19761570427', 0),
(274, 10, 289, '834.85159522055/-248.87453498982', 0),
(275, 10, 290, '857.35950312447/-258.19761570427', 0),
(276, 10, 291, '866.68258383893/-280.7055236082', 0),
(277, 10, 292, '866.68258383893/-300.7055236082', 0),
(278, 10, 293, '866.68258383893/-320.7055236082', 0),
(279, 10, 294, '866.68258383893/-340.7055236082', 0),
(280, 10, 295, '866.68258383893/-360.7055236082', 0),
(281, 10, 296, '866.68258383893/-380.7055236082', 0),
(282, 10, 297, '866.68258383893/-400.7055236082', 0),
(283, 10, 298, '876.00566455338/-423.21343151213', 0),
(284, 10, 299, '898.5135724573/-432.53651222658', 0),
(285, 10, 300, '921.02148036123/-423.21343151213', 0),
(286, 10, 301, '930.34456107568/-400.7055236082', 0),
(287, 10, 302, '930.34456107568/-380.7055236082', 0),
(288, 10, 303, '930.34456107568/-360.7055236082', 0),
(289, 10, 304, '930.34456107568/-340.7055236082', 0),
(290, 10, 305, '930.34456107568/-320.7055236082', 0),
(291, 10, 306, '930.34456107568/-300.7055236082', 0),
(292, 10, 307, '930.34456107568/-280.7055236082', 0),
(293, 10, 308, '939.66764179014/-258.19761570427', 0),
(294, 10, 309, '962.17554969406/-248.87453498982', 0),
(295, 10, 310, '984.68345759799/-258.19761570427', 0),
(296, 10, 311, '994.00653831244/-280.7055236082', 0),
(297, 10, 312, '994.00653831244/-300.7055236082', 0),
(298, 10, 313, '994.00653831244/-320.7055236082', 0),
(299, 10, 314, '994.00653831244/-340.7055236082', 0),
(300, 10, 315, '994.00653831244/-360.7055236082', 0),
(301, 10, 316, '994.00653831244/-380.7055236082', 0),
(302, 10, 317, '994.00653831244/-400.7055236082', 0),
(303, 10, 318, '1003.3296190269/-423.21343151213', 0),
(304, 10, 319, '1025.8375269308/-432.53651222658', 0),
(305, 10, 320, '1048.3454348347/-423.21343151213', 0),
(306, 10, 321, '1057.6685155492/-400.7055236082', 0),
(307, 10, 322, '1057.6685155492/-380.7055236082', 0),
(308, 10, 323, '1057.6685155492/-360.7055236082', 0),
(309, 10, 324, '1057.6685155492/-340.7055236082', 0),
(310, 10, 325, '1057.6685155492/-320.7055236082', 0),
(311, 10, 326, '1057.6685155492/-300.7055236082', 0),
(312, 10, 327, '1057.6685155492/-280.7055236082', 0),
(313, 10, 328, '1066.9915962637/-258.19761570427', 0),
(314, 10, 329, '1089.4995041676/-248.87453498982', 0),
(315, 10, 330, '1112.0074120715/-258.19761570427', 0),
(316, 10, 331, '1121.330492786/-280.7055236082', 0),
(317, 10, 332, '1121.330492786/-300.7055236082', 0),
(318, 10, 333, '1121.330492786/-320.7055236082', 0),
(319, 10, 334, '1121.330492786/-340.7055236082', 0),
(320, 10, 335, '1121.330492786/-360.7055236082', 0),
(321, 10, 336, '1121.330492786/-380.7055236082', 0),
(322, 10, 337, '1121.330492786/-400.7055236082', 0),
(323, 10, 338, '1130.6535735004/-423.21343151213', 0),
(324, 10, 339, '1153.1614814043/-432.53651222658', 0),
(325, 10, 340, '1175.6693893083/-423.21343151213', 0),
(326, 10, 341, '1184.9924700227/-400.7055236082', 0),
(327, 10, 342, '1184.9924700227/-380.7055236082', 0),
(328, 10, 343, '1184.9924700227/-360.7055236082', 0),
(329, 10, 344, '1184.9924700227/-340.7055236082', 0),
(330, 10, 345, '1184.9924700227/-320.7055236082', 0),
(331, 10, 346, '1184.9924700227/-300.7055236082', 0),
(332, 10, 347, '1184.9924700227/-280.7055236082', 0),
(333, 10, 348, '1184.9924700227/-260.7055236082', 0),
(334, 10, 349, '1184.9924700227/-240.7055236082', 0),
(335, 10, 350, '1184.9924700227/-220.7055236082', 0),
(336, 10, 351, '1184.9924700227/-200.7055236082', 0),
(337, 10, 352, '1184.9924700227/-180.7055236082', 0),
(338, 10, 353, '1184.9924700227/-160.7055236082', 0),
(339, 10, 354, '1184.9924700227/-140.7055236082', 0),
(340, 11, 5813, '0/20', 0),
(341, 11, 5814, '-1.2246063538224E-15/40', 0),
(342, 11, 5815, '-2.4492127076448E-15/60', 0),
(343, 11, 5816, '-3.6738190614671E-15/80', 0),
(344, 11, 5817, '-4.8984254152895E-15/100', 0),
(345, 11, 5818, '-6.1230317691119E-15/120', 0),
(346, 11, 5819, '-6.1230317691119E-15/140', 0),
(347, 11, 5820, '-7.3476381229343E-15/160', 0),
(348, 11, 5821, '-8.5722444767566E-15/180', 0),
(349, 11, 5822, '-9.796850830579E-15/200', 0),
(350, 11, 5823, '-1.1021457184401E-14/220', 0),
(351, 11, 5824, '-1.0658141036402E-14/240', 0),
(352, 11, 5825, '9.3230807144514/262.50790790393', 0),
(353, 11, 5826, '31.830988618379/271.83098861838', 0),
(354, 11, 5827, '54.338896522307/262.50790790393', 0),
(355, 11, 5828, '63.661977236758/240', 0),
(356, 11, 5829, '63.661977236758/220', 0),
(357, 11, 5830, '63.661977236758/200', 0),
(358, 11, 5831, '63.661977236758/180', 0),
(359, 11, 5832, '63.661977236758/160', 0),
(360, 11, 5833, '63.661977236758/140', 0),
(361, 11, 5834, '63.661977236758/120', 0),
(362, 11, 5835, '72.98505795121/97.492092096072', 0),
(363, 11, 5836, '95.492965855137/88.169011381621', 0),
(364, 11, 5837, '118.00087375906/97.492092096072', 0),
(365, 11, 5838, '127.32395447352/120', 0),
(366, 11, 5839, '127.32395447352/140', 0),
(367, 11, 5840, '127.32395447352/160', 0),
(368, 11, 5841, '127.32395447352/180', 0),
(369, 11, 5842, '127.32395447352/200', 0),
(370, 11, 5843, '127.32395447352/220', 0),
(371, 11, 5844, '127.32395447352/240', 0),
(372, 11, 5845, '136.64703518797/262.50790790393', 0),
(373, 11, 5846, '159.1549430919/271.83098861838', 0),
(374, 11, 5847, '181.66285099582/262.50790790393', 0),
(375, 11, 5848, '190.98593171027/240', 0),
(376, 11, 5849, '190.98593171027/220', 0),
(377, 11, 5850, '190.98593171027/200', 0),
(378, 11, 5851, '190.98593171027/180', 0),
(379, 11, 5852, '190.98593171027/160', 0),
(380, 11, 5853, '190.98593171027/140', 0),
(381, 11, 5854, '190.98593171027/120', 0),
(382, 11, 5855, '200.30901242473/97.492092096072', 0),
(383, 11, 5856, '222.81692032865/88.169011381621', 0),
(384, 11, 5857, '245.32482823258/97.492092096072', 0),
(385, 11, 5858, '254.64790894703/120', 0),
(386, 11, 5859, '254.64790894703/140', 0),
(387, 11, 5860, '254.64790894703/160', 0),
(388, 11, 5861, '254.64790894703/180', 0),
(389, 11, 5862, '254.64790894703/200', 0),
(390, 11, 5863, '254.64790894703/220', 0),
(391, 11, 5864, '254.64790894703/240', 0),
(392, 11, 5865, '263.97098966148/262.50790790393', 0),
(393, 11, 5866, '286.47889756541/271.83098861838', 0),
(394, 11, 5867, '308.98680546934/262.50790790393', 0),
(395, 11, 5868, '318.30988618379/240', 0),
(396, 11, 5869, '318.30988618379/220', 0),
(397, 11, 5870, '318.30988618379/200', 0),
(398, 11, 5871, '318.30988618379/180', 0),
(399, 11, 5872, '318.30988618379/160', 0),
(400, 11, 5873, '318.30988618379/140', 0),
(401, 11, 5874, '318.30988618379/120', 0),
(402, 11, 5875, '327.63296689824/97.492092096072', 0),
(403, 11, 5876, '350.14087480217/88.169011381621', 0),
(404, 11, 5877, '372.6487827061/97.492092096072', 0),
(405, 11, 5878, '381.97186342055/120', 0),
(406, 11, 5879, '381.97186342055/140', 0),
(407, 11, 5880, '381.97186342055/160', 0),
(408, 11, 5881, '381.97186342055/180', 0),
(409, 11, 5882, '381.97186342055/200', 0),
(410, 11, 5883, '381.97186342055/220', 0),
(411, 11, 5884, '381.97186342055/240', 0),
(412, 11, 5885, '391.294944135/262.50790790393', 0),
(413, 11, 5886, '413.80285203893/271.83098861838', 0),
(414, 11, 5887, '436.31075994286/262.50790790393', 0),
(415, 11, 5888, '445.63384065731/240', 0),
(416, 11, 5889, '445.63384065731/220', 0),
(417, 11, 5890, '445.63384065731/200', 0),
(418, 11, 5891, '445.63384065731/180', 0),
(419, 11, 5892, '445.63384065731/160', 0),
(420, 11, 5893, '445.63384065731/140', 0),
(421, 11, 5894, '445.63384065731/120', 0),
(422, 11, 5895, '445.63384065731/100', 0),
(423, 11, 5896, '445.63384065731/80', 0),
(424, 11, 5897, '445.63384065731/60', 0),
(425, 11, 5898, '445.63384065731/40', 0),
(426, 11, 5899, '445.63384065731/20', 0),
(427, 12, 5900, '445.63384065731/0', 0),
(428, 12, 5901, '464.95235718309/-5.1763809020504', 0),
(429, 12, 5902, '484.27087370887/-10.352761804101', 0),
(430, 12, 5903, '503.58939023465/-15.529142706151', 0),
(431, 12, 5904, '464.95235718309/-25.17638090205', 0),
(432, 12, 5905, '484.27087370887/-30.352761804101', 0),
(433, 12, 5906, '503.58939023465/-35.529142706151', 0),
(434, 12, 5907, '522.90790676043/-40.705523608202', 0),
(435, 12, 5908, '445.63384065731/-40', 0),
(436, 12, 5909, '464.95235718309/-45.17638090205', 0),
(437, 12, 5910, '484.27087370887/-50.352761804101', 0),
(438, 12, 5911, '503.58939023465/-55.529142706151', 0),
(439, 12, 5912, '464.95235718309/-65.17638090205', 0),
(440, 12, 5913, '445.63384065731/-80', 0),
(441, 12, 5914, '464.95235718309/-85.17638090205', 0),
(442, 12, 5915, '484.27087370887/-90.352761804101', 0),
(443, 12, 5916, '503.58939023465/-95.529142706151', 0),
(444, 12, 5917, '464.95235718309/-105.17638090205', 0),
(445, 12, 5918, '484.27087370887/-110.3527618041', 0),
(446, 12, 5919, '503.58939023465/-115.52914270615', 0),
(447, 12, 5920, '522.90790676043/-120.7055236082', 0),
(448, 13, 5921, '522.90790676043/-140.7055236082', 0),
(449, 13, 5922, '522.90790676043/-160.7055236082', 0),
(450, 13, 5923, '522.90790676043/-180.7055236082', 0),
(451, 13, 5924, '522.90790676043/-200.7055236082', 0),
(452, 13, 5925, '522.90790676043/-220.7055236082', 0),
(453, 13, 5926, '522.90790676043/-240.7055236082', 0),
(454, 13, 5927, '522.90790676043/-260.7055236082', 0),
(455, 13, 5928, '522.90790676043/-280.7055236082', 0),
(456, 13, 5929, '522.90790676043/-300.7055236082', 0),
(457, 13, 5930, '526.33532960049/-322.34541975604', 0),
(458, 13, 5931, '536.28209809281/-341.8670520949', 0),
(459, 13, 5932, '551.77455323417/-357.35950723625', 0),
(460, 13, 5933, '571.29618557303/-367.30627572858', 0),
(461, 13, 5934, '592.93608172087/-370.73369856864', 0),
(462, 13, 5935, '614.5759778687/-367.30627572858', 0),
(463, 13, 5936, '634.09761020757/-357.35950723625', 0),
(464, 13, 5937, '649.59006534892/-341.8670520949', 0),
(465, 13, 5938, '659.53683384124/-322.34541975604', 0),
(466, 13, 5939, '662.9642566813/-300.7055236082', 0),
(467, 13, 5940, '662.9642566813/-280.7055236082', 0),
(468, 13, 5941, '662.9642566813/-260.7055236082', 0),
(469, 13, 5942, '662.9642566813/-240.7055236082', 0),
(470, 13, 5943, '662.9642566813/-220.7055236082', 0),
(471, 13, 5944, '662.9642566813/-200.7055236082', 0),
(472, 13, 5945, '662.9642566813/-180.7055236082', 0),
(473, 13, 5946, '662.9642566813/-160.7055236082', 0),
(474, 13, 5947, '662.9642566813/-140.7055236082', 0),
(475, 14, 5948, '662.9642566813/-120.7055236082', 0),
(476, 14, 5949, '643.64574015552/-115.52914270615', 0),
(477, 14, 5950, '624.32722362974/-110.3527618041', 0),
(478, 14, 5951, '605.00870710396/-105.17638090205', 0),
(479, 14, 5952, '643.64574015552/-95.529142706151', 0),
(480, 14, 5953, '624.32722362974/-90.352761804101', 0),
(481, 14, 5954, '605.00870710396/-85.17638090205', 0),
(482, 14, 5955, '585.69019057818/-80', 0),
(483, 14, 5956, '662.9642566813/-80.705523608202', 0),
(484, 14, 5957, '643.64574015552/-75.529142706151', 0),
(485, 14, 5958, '624.32722362974/-70.352761804101', 0),
(486, 14, 5959, '605.00870710396/-65.17638090205', 0),
(487, 14, 5960, '643.64574015552/-55.529142706151', 0),
(488, 14, 5961, '662.9642566813/-40.705523608202', 0),
(489, 14, 5962, '643.64574015552/-35.529142706151', 0),
(490, 14, 5963, '624.32722362974/-30.352761804101', 0),
(491, 14, 5964, '605.00870710396/-25.17638090205', 0),
(492, 14, 5965, '643.64574015552/-15.529142706151', 0),
(493, 14, 5966, '624.32722362974/-10.352761804101', 0),
(494, 14, 5967, '605.00870710396/-5.1763809020505', 0),
(495, 14, 5968, '585.69019057818/-4.7961634663807E-14', 0),
(496, 15, 5969, '585.69019057818/20', 0),
(497, 15, 5970, '585.69019057818/40', 0),
(498, 15, 5971, '585.69019057818/60', 0),
(499, 15, 5972, '585.69019057818/80', 0),
(500, 15, 5973, '585.69019057818/100', 0),
(501, 15, 5974, '585.69019057818/120', 0),
(502, 15, 5975, '585.69019057818/140', 0),
(503, 15, 5976, '585.69019057818/160', 0),
(504, 15, 5977, '585.69019057818/180', 0),
(505, 15, 5978, '585.69019057818/200', 0),
(506, 15, 5979, '585.69019057818/220', 0),
(507, 15, 5980, '585.69019057818/240', 0),
(508, 15, 5981, '585.69019057818/260', 0),
(509, 15, 5982, '589.11761341823/281.63989614784', 0),
(510, 15, 5983, '599.06438191056/301.1615284867', 0),
(511, 15, 5984, '614.55683705191/316.65398362805', 0),
(512, 15, 5985, '634.07846939077/326.60075212038', 0),
(513, 15, 5986, '655.71836553861/330.02817496043', 0),
(514, 15, 5987, '677.35826168645/326.60075212038', 0),
(515, 15, 5988, '696.87989402531/316.65398362805', 0),
(516, 15, 5989, '712.37234916666/301.1615284867', 0),
(517, 15, 5990, '722.31911765899/281.63989614784', 0),
(518, 15, 5991, '725.74654049904/260', 0),
(519, 15, 5992, '725.74654049904/240', 0),
(520, 15, 5993, '725.74654049904/220', 0),
(521, 15, 5994, '725.74654049904/200', 0),
(522, 15, 5995, '725.74654049904/180', 0),
(523, 15, 5996, '725.74654049904/160', 0),
(524, 15, 5997, '725.74654049904/140', 0),
(525, 15, 5998, '725.74654049904/120', 0),
(526, 15, 5999, '725.74654049904/100', 0),
(527, 15, 6000, '725.74654049904/80', 0),
(528, 15, 6001, '725.74654049904/60', 0),
(529, 15, 6002, '725.74654049904/40', 0),
(530, 15, 6003, '725.74654049904/20', 0),
(531, 16, 6004, '725.74654049904/-5.6843418860808E-14', 0),
(532, 16, 6005, '745.06505702482/-5.1763809020505', 0),
(533, 16, 6006, '764.38357355061/-10.352761804101', 0),
(534, 16, 6007, '783.70209007639/-15.529142706151', 0),
(535, 16, 6008, '745.06505702482/-25.17638090205', 0),
(536, 16, 6009, '764.38357355061/-30.352761804101', 0),
(537, 16, 6010, '783.70209007639/-35.529142706151', 0),
(538, 16, 6011, '803.02060660217/-40.705523608202', 0),
(539, 16, 6012, '725.74654049904/-40', 0),
(540, 16, 6013, '745.06505702482/-45.17638090205', 0),
(541, 16, 6014, '764.38357355061/-50.352761804101', 0),
(542, 16, 6015, '783.70209007639/-55.529142706151', 0),
(543, 16, 6016, '745.06505702482/-65.17638090205', 0),
(544, 16, 6017, '725.74654049904/-80', 0),
(545, 16, 6018, '745.06505702482/-85.17638090205', 0),
(546, 16, 6019, '764.38357355061/-90.352761804101', 0),
(547, 16, 6020, '783.70209007639/-95.529142706151', 0),
(548, 16, 6021, '745.06505702482/-105.17638090205', 0),
(549, 16, 6022, '764.38357355061/-110.3527618041', 0),
(550, 16, 6023, '783.70209007639/-115.52914270615', 0),
(551, 16, 6024, '803.02060660217/-120.7055236082', 0),
(552, 17, 6025, '803.02060660217/-140.7055236082', 0),
(553, 17, 6026, '803.02060660217/-160.7055236082', 0),
(554, 17, 6027, '803.02060660217/-180.7055236082', 0),
(555, 17, 6028, '803.02060660217/-200.7055236082', 0),
(556, 17, 6029, '803.02060660217/-220.7055236082', 0),
(557, 17, 6030, '803.02060660217/-240.7055236082', 0),
(558, 17, 6031, '803.02060660217/-260.7055236082', 0),
(559, 17, 6032, '803.02060660217/-280.7055236082', 0),
(560, 17, 6033, '803.02060660217/-300.7055236082', 0),
(561, 17, 6034, '803.02060660217/-320.7055236082', 0),
(562, 17, 6035, '803.02060660217/-340.7055236082', 0),
(563, 17, 6036, '803.02060660217/-360.7055236082', 0),
(564, 17, 6037, '803.02060660217/-380.7055236082', 0),
(565, 17, 6038, '803.02060660217/-400.7055236082', 0),
(566, 17, 6039, '812.34368731662/-423.21343151213', 0),
(567, 17, 6040, '834.85159522055/-432.53651222658', 0),
(568, 17, 6041, '857.35950312447/-423.21343151213', 0),
(569, 17, 6042, '866.68258383893/-400.7055236082', 0),
(570, 17, 6043, '866.68258383893/-380.7055236082', 0),
(571, 17, 6044, '866.68258383893/-360.7055236082', 0),
(572, 17, 6045, '866.68258383893/-340.7055236082', 0),
(573, 17, 6046, '866.68258383893/-320.7055236082', 0),
(574, 17, 6047, '866.68258383893/-300.7055236082', 0),
(575, 17, 6048, '866.68258383893/-280.7055236082', 0),
(576, 17, 6049, '876.00566455338/-258.19761570427', 0),
(577, 17, 6050, '898.51357245731/-248.87453498982', 0),
(578, 17, 6051, '921.02148036123/-258.19761570427', 0),
(579, 17, 6052, '930.34456107568/-280.7055236082', 0),
(580, 17, 6053, '930.34456107568/-300.7055236082', 0),
(581, 17, 6054, '930.34456107568/-320.7055236082', 0),
(582, 17, 6055, '930.34456107568/-340.7055236082', 0),
(583, 17, 6056, '930.34456107568/-360.7055236082', 0),
(584, 17, 6057, '930.34456107568/-380.7055236082', 0),
(585, 17, 6058, '930.34456107568/-400.7055236082', 0),
(586, 17, 6059, '939.66764179014/-423.21343151213', 0),
(587, 17, 6060, '962.17554969406/-432.53651222658', 0),
(588, 17, 6061, '984.68345759799/-423.21343151213', 0),
(589, 17, 6062, '994.00653831244/-400.7055236082', 0),
(590, 17, 6063, '994.00653831244/-380.7055236082', 0),
(591, 17, 6064, '994.00653831244/-360.7055236082', 0),
(592, 17, 6065, '994.00653831244/-340.7055236082', 0),
(593, 17, 6066, '994.00653831244/-320.7055236082', 0),
(594, 17, 6067, '994.00653831244/-300.7055236082', 0),
(595, 17, 6068, '994.00653831244/-280.7055236082', 0),
(596, 17, 6069, '994.00653831244/-260.7055236082', 0),
(597, 17, 6070, '994.00653831244/-240.7055236082', 0),
(598, 17, 6071, '994.00653831244/-220.7055236082', 0),
(599, 17, 6072, '994.00653831244/-200.7055236082', 0),
(600, 17, 6073, '994.00653831244/-180.7055236082', 0),
(601, 17, 6074, '994.00653831244/-160.7055236082', 0),
(602, 17, 6075, '994.00653831244/-140.7055236082', 0),
(603, 18, 6076, '994.00653831244/-120.7055236082', 0),
(604, 18, 6077, '974.68802178666/-115.52914270615', 0),
(605, 18, 6078, '955.36950526088/-110.3527618041', 0),
(606, 18, 6079, '936.0509887351/-105.17638090205', 0),
(607, 18, 6080, '974.68802178666/-95.529142706151', 0),
(608, 18, 6081, '955.36950526088/-90.352761804101', 0),
(609, 18, 6082, '936.0509887351/-85.176380902051', 0),
(610, 18, 6083, '916.73247220932/-80', 0),
(611, 18, 6084, '994.00653831244/-80.705523608202', 0),
(612, 18, 6085, '974.68802178666/-75.529142706151', 0),
(613, 18, 6086, '955.36950526088/-70.352761804101', 0),
(614, 18, 6087, '936.0509887351/-65.176380902051', 0),
(615, 18, 6088, '974.68802178666/-55.529142706151', 0),
(616, 18, 6089, '994.00653831244/-40.705523608202', 0),
(617, 18, 6090, '974.68802178666/-35.529142706151', 0),
(618, 18, 6091, '955.36950526088/-30.352761804101', 0),
(619, 18, 6092, '936.0509887351/-25.176380902051', 0),
(620, 18, 6093, '974.68802178666/-15.529142706151', 0),
(621, 18, 6094, '955.36950526088/-10.352761804101', 0),
(622, 18, 6095, '936.0509887351/-5.1763809020505', 0),
(623, 18, 6096, '916.73247220932/-1.0480505352461E-13', 0),
(624, 19, 6097, '916.73247220932/20', 0),
(625, 19, 6098, '916.73247220932/40', 0),
(626, 19, 6099, '916.73247220932/60', 0),
(627, 19, 6100, '916.73247220932/80', 0),
(628, 19, 6101, '916.73247220932/100', 0),
(629, 19, 6102, '916.73247220932/120', 0),
(630, 19, 6103, '916.73247220932/140', 0),
(631, 19, 6104, '916.73247220932/160', 0),
(632, 19, 6105, '916.73247220932/180', 0),
(633, 19, 6106, '916.73247220932/200', 0),
(634, 19, 6107, '916.73247220932/220', 0),
(635, 19, 6108, '929.46486765667/242.05315581687', 0),
(636, 19, 6109, '954.92965855137/242.05315581687', 0),
(637, 19, 6110, '967.66205399872/220', 0),
(638, 19, 6111, '967.66205399872/200', 0),
(639, 19, 6112, '967.66205399872/180', 0),
(640, 19, 6113, '967.66205399872/160', 0),
(641, 19, 6114, '967.66205399872/140', 0),
(642, 19, 6115, '967.66205399872/120', 0),
(643, 19, 6116, '967.66205399872/100', 0),
(644, 19, 6117, '980.39444944608/77.946844183128', 0),
(645, 19, 6118, '1005.8592403408/77.946844183128', 0),
(646, 19, 6119, '1018.5916357881/100', 0),
(647, 19, 6120, '1018.5916357881/120', 0),
(648, 19, 6121, '1018.5916357881/140', 0),
(649, 19, 6122, '1018.5916357881/160', 0),
(650, 19, 6123, '1018.5916357881/180', 0),
(651, 19, 6124, '1018.5916357881/200', 0),
(652, 19, 6125, '1018.5916357881/220', 0),
(653, 19, 6126, '1031.3240312355/242.05315581687', 0),
(654, 19, 6127, '1056.7888221302/242.05315581687', 0),
(655, 19, 6128, '1069.5212175775/220', 0),
(656, 19, 6129, '1069.5212175775/200', 0),
(657, 19, 6130, '1069.5212175775/180', 0),
(658, 19, 6131, '1069.5212175775/160', 0),
(659, 19, 6132, '1069.5212175775/140', 0),
(660, 19, 6133, '1069.5212175775/120', 0),
(661, 19, 6134, '1069.5212175775/100', 0),
(662, 19, 6135, '1082.2536130249/77.946844183128', 0),
(663, 19, 6136, '1107.7184039196/77.946844183128', 0),
(664, 19, 6137, '1120.4507993669/100', 0),
(665, 19, 6138, '1120.4507993669/120', 0),
(666, 19, 6139, '1120.4507993669/140', 0),
(667, 19, 6140, '1120.4507993669/160', 0),
(668, 19, 6141, '1120.4507993669/180', 0),
(669, 19, 6142, '1120.4507993669/200', 0),
(670, 19, 6143, '1120.4507993669/220', 0),
(671, 19, 6144, '1133.1831948143/242.05315581687', 0),
(672, 19, 6145, '1158.647985709/242.05315581687', 0),
(673, 19, 6146, '1171.3803811564/220', 0),
(674, 19, 6147, '1171.3803811564/200', 0),
(675, 19, 6148, '1171.3803811564/180', 0),
(676, 19, 6149, '1171.3803811564/160', 0),
(677, 19, 6150, '1171.3803811564/140', 0),
(678, 19, 6151, '1171.3803811564/120', 0),
(679, 19, 6152, '1171.3803811564/100', 0),
(680, 19, 6153, '1171.3803811564/80', 0),
(681, 19, 6154, '1171.3803811564/60', 0),
(682, 19, 6155, '1171.3803811564/40', 0),
(683, 19, 6156, '1171.3803811564/20', 0),
(684, 20, 6157, '1171.3803811564/-1.1368683772162E-13', 0),
(685, 20, 6158, '1190.6988976821/-5.1763809020505', 0),
(686, 20, 6159, '1210.0174142079/-10.352761804101', 0),
(687, 20, 6160, '1229.3359307337/-15.529142706151', 0),
(688, 20, 6161, '1190.6988976821/-25.176380902051', 0),
(689, 20, 6162, '1210.0174142079/-30.352761804101', 0),
(690, 20, 6163, '1229.3359307337/-35.529142706151', 0),
(691, 20, 6164, '1248.6544472595/-40.705523608202', 0),
(692, 20, 6165, '1171.3803811564/-40', 0),
(693, 20, 6166, '1190.6988976821/-45.176380902051', 0),
(694, 20, 6167, '1210.0174142079/-50.352761804101', 0),
(695, 20, 6168, '1229.3359307337/-55.529142706151', 0),
(696, 20, 6169, '1190.6988976821/-65.176380902051', 0),
(697, 20, 6170, '1171.3803811564/-80', 0),
(698, 20, 6171, '1190.6988976821/-85.176380902051', 0),
(699, 20, 6172, '1210.0174142079/-90.352761804101', 0),
(700, 20, 6173, '1229.3359307337/-95.529142706151', 0),
(701, 20, 6174, '1190.6988976821/-105.17638090205', 0),
(702, 20, 6175, '1210.0174142079/-110.3527618041', 0),
(703, 20, 6176, '1229.3359307337/-115.52914270615', 0),
(704, 20, 6177, '1248.6544472595/-120.7055236082', 0),
(705, 21, 6178, '1248.6544472595/-140.7055236082', 0),
(706, 21, 6179, '1248.6544472595/-160.7055236082', 0),
(707, 21, 6180, '1248.6544472595/-180.7055236082', 0),
(708, 21, 6181, '1248.6544472595/-200.7055236082', 0),
(709, 21, 6182, '1248.6544472595/-220.7055236082', 0),
(710, 21, 6183, '1252.0818700995/-242.34541975604', 0),
(711, 21, 6184, '1262.0286385919/-261.8670520949', 0),
(712, 21, 6185, '1277.5210937332/-277.35950723626', 0),
(713, 21, 6186, '1297.0427260721/-287.30627572858', 0),
(714, 21, 6187, '1318.6826222199/-290.73369856864', 0),
(715, 21, 6188, '1340.3225183677/-287.30627572858', 0),
(716, 21, 6189, '1359.8441507066/-277.35950723626', 0),
(717, 21, 6190, '1375.336605848/-261.8670520949', 0),
(718, 21, 6191, '1385.2833743403/-242.34541975604', 0),
(719, 21, 6192, '1388.7107971803/-220.7055236082', 0),
(720, 21, 6193, '1388.7107971803/-200.7055236082', 0),
(721, 21, 6194, '1388.7107971803/-180.7055236082', 0),
(722, 21, 6195, '1388.7107971803/-160.7055236082', 0),
(723, 21, 6196, '1388.7107971803/-140.7055236082', 0),
(724, 22, 6197, '1388.7107971803/-120.7055236082', 0),
(725, 22, 6198, '1369.3922806546/-115.52914270615', 0),
(726, 22, 6199, '1350.0737641288/-110.3527618041', 0),
(727, 22, 6200, '1330.755247603/-105.17638090205', 0),
(728, 22, 6201, '1369.3922806546/-95.529142706151', 0),
(729, 22, 6202, '1350.0737641288/-90.352761804101', 0),
(730, 22, 6203, '1330.755247603/-85.176380902051', 0),
(731, 22, 6204, '1311.4367310772/-80', 0),
(732, 22, 6205, '1388.7107971803/-80.705523608202', 0),
(733, 22, 6206, '1369.3922806546/-75.529142706151', 0),
(734, 22, 6207, '1350.0737641288/-70.352761804101', 0),
(735, 22, 6208, '1330.755247603/-65.176380902051', 0),
(736, 22, 6209, '1369.3922806546/-55.529142706151', 0),
(737, 22, 6210, '1388.7107971803/-40.705523608202', 0),
(738, 22, 6211, '1369.3922806546/-35.529142706151', 0),
(739, 22, 6212, '1350.0737641288/-30.352761804101', 0),
(740, 22, 6213, '1330.755247603/-25.176380902051', 0),
(741, 22, 6214, '1369.3922806546/-15.529142706151', 0),
(742, 22, 6215, '1350.0737641288/-10.352761804101', 0),
(743, 22, 6216, '1330.755247603/-5.1763809020506', 0),
(744, 22, 6217, '1311.4367310772/-1.6164847238542E-13', 0),
(745, 23, 6218, '1311.4367310772/20', 0),
(746, 23, 6219, '1311.4367310772/40', 0),
(747, 23, 6220, '1311.4367310772/60', 0),
(748, 23, 6221, '1311.4367310772/80', 0),
(749, 23, 6222, '1315.27601808/101.77367857891', 0),
(750, 23, 6223, '1326.3308044138/120.92113017593', 0),
(751, 23, 6224, '1343.2677196956/135.13288954218', 0),
(752, 23, 6225, '1364.0439219801/142.69480875485', 0),
(753, 23, 6226, '1386.1534946478/142.69480875485', 0),
(754, 23, 6227, '1406.9296969324/135.13288954218', 0),
(755, 23, 6228, '1423.8666122142/120.92113017593', 0),
(756, 23, 6229, '1434.921398548/101.77367857891', 0),
(757, 23, 6230, '1438.7606855507/80', 0),
(758, 23, 6231, '1438.7606855507/60', 0),
(759, 23, 6232, '1438.7606855507/40', 0),
(760, 23, 6233, '1438.7606855507/20', 0),
(761, 24, 6234, '1438.7606855507/-1.7053025658242E-13', 0),
(762, 24, 6235, '1458.0792020765/-5.1763809020506', 0),
(763, 24, 6236, '1477.3977186023/-10.352761804101', 0),
(764, 24, 6237, '1496.7162351281/-15.529142706151', 0),
(765, 24, 6238, '1458.0792020765/-25.176380902051', 0),
(766, 24, 6239, '1477.3977186023/-30.352761804101', 0),
(767, 24, 6240, '1496.7162351281/-35.529142706151', 0),
(768, 24, 6241, '1516.0347516539/-40.705523608202', 0),
(769, 24, 6242, '1438.7606855507/-40', 0),
(770, 24, 6243, '1458.0792020765/-45.176380902051', 0),
(771, 24, 6244, '1477.3977186023/-50.352761804101', 0),
(772, 24, 6245, '1496.7162351281/-55.529142706151', 0),
(773, 24, 6246, '1458.0792020765/-65.176380902051', 0),
(774, 24, 6247, '1438.7606855507/-80', 0),
(775, 24, 6248, '1458.0792020765/-85.176380902051', 0),
(776, 24, 6249, '1477.3977186023/-90.352761804101', 0),
(777, 24, 6250, '1496.7162351281/-95.529142706151', 0),
(778, 24, 6251, '1458.0792020765/-105.17638090205', 0),
(779, 24, 6252, '1477.3977186023/-110.3527618041', 0),
(780, 24, 6253, '1496.7162351281/-115.52914270615', 0),
(781, 24, 6254, '1516.0347516539/-120.7055236082', 0),
(782, 25, 6255, '1516.0347516539/-140.7055236082', 0),
(783, 25, 6256, '1516.0347516539/-160.7055236082', 0),
(784, 25, 6257, '1516.0347516539/-180.7055236082', 0),
(785, 25, 6258, '1516.0347516539/-200.7055236082', 0),
(786, 25, 6259, '1516.0347516539/-220.7055236082', 0),
(787, 25, 6260, '1516.0347516539/-240.7055236082', 0),
(788, 25, 6261, '1516.0347516539/-260.7055236082', 0),
(789, 25, 6262, '1516.0347516539/-280.7055236082', 0),
(790, 25, 6263, '1516.0347516539/-300.7055236082', 0),
(791, 25, 6264, '1516.0347516539/-320.7055236082', 0),
(792, 25, 6265, '1516.0347516539/-340.7055236082', 0),
(793, 25, 6266, '1516.0347516539/-360.7055236082', 0),
(794, 25, 6267, '1528.7671471012/-382.75867942507', 0),
(795, 25, 6268, '1554.2319379959/-382.75867942507', 0),
(796, 25, 6269, '1566.9643334433/-360.7055236082', 0),
(797, 25, 6270, '1566.9643334433/-340.7055236082', 0),
(798, 25, 6271, '1566.9643334433/-320.7055236082', 0),
(799, 25, 6272, '1566.9643334433/-300.7055236082', 0),
(800, 25, 6273, '1566.9643334433/-280.7055236082', 0),
(801, 25, 6274, '1566.9643334433/-260.7055236082', 0),
(802, 25, 6275, '1566.9643334433/-240.7055236082', 0),
(803, 25, 6276, '1579.6967288906/-218.65236779133', 0),
(804, 25, 6277, '1605.1615197853/-218.65236779133', 0),
(805, 25, 6278, '1617.8939152327/-240.7055236082', 0),
(806, 25, 6279, '1617.8939152327/-260.7055236082', 0),
(807, 25, 6280, '1617.8939152327/-280.7055236082', 0),
(808, 25, 6281, '1617.8939152327/-300.7055236082', 0),
(809, 25, 6282, '1617.8939152327/-320.7055236082', 0),
(810, 25, 6283, '1617.8939152327/-340.7055236082', 0),
(811, 25, 6284, '1617.8939152327/-360.7055236082', 0),
(812, 25, 6285, '1630.62631068/-382.75867942507', 0),
(813, 25, 6286, '1656.0911015747/-382.75867942507', 0),
(814, 25, 6287, '1668.8234970221/-360.7055236082', 0),
(815, 25, 6288, '1668.8234970221/-340.7055236082', 0),
(816, 25, 6289, '1668.8234970221/-320.7055236082', 0),
(817, 25, 6290, '1668.8234970221/-300.7055236082', 0),
(818, 25, 6291, '1668.8234970221/-280.7055236082', 0),
(819, 25, 6292, '1668.8234970221/-260.7055236082', 0),
(820, 25, 6293, '1668.8234970221/-240.7055236082', 0),
(821, 25, 6294, '1668.8234970221/-220.7055236082', 0),
(822, 25, 6295, '1668.8234970221/-200.7055236082', 0),
(823, 25, 6296, '1668.8234970221/-180.7055236082', 0),
(824, 25, 6297, '1668.8234970221/-160.7055236082', 0),
(825, 25, 6298, '1668.8234970221/-140.7055236082', 0),
(826, 26, 6299, '1668.8234970221/-120.7055236082', 0),
(827, 26, 6300, '1649.5049804963/-115.52914270615', 0),
(828, 26, 6301, '1630.1864639705/-110.3527618041', 0),
(829, 26, 6302, '1610.8679474447/-105.17638090205', 0),
(830, 26, 6303, '1649.5049804963/-95.529142706151', 0),
(831, 26, 6304, '1630.1864639705/-90.352761804101', 0),
(832, 26, 6305, '1610.8679474447/-85.176380902051', 0),
(833, 26, 6306, '1591.549430919/-80', 0),
(834, 26, 6307, '1668.8234970221/-80.705523608202', 0),
(835, 26, 6308, '1649.5049804963/-75.529142706151', 0),
(836, 26, 6309, '1630.1864639705/-70.352761804101', 0),
(837, 26, 6310, '1610.8679474447/-65.176380902051', 0),
(838, 26, 6311, '1649.5049804963/-55.529142706151', 0),
(839, 26, 6312, '1668.8234970221/-40.705523608202', 0),
(840, 26, 6313, '1649.5049804963/-35.529142706151', 0),
(841, 26, 6314, '1630.1864639705/-30.352761804101', 0),
(842, 26, 6315, '1610.8679474447/-25.176380902051', 0),
(843, 26, 6316, '1649.5049804963/-15.529142706151', 0),
(844, 26, 6317, '1630.1864639705/-10.352761804101', 0),
(845, 26, 6318, '1610.8679474447/-5.1763809020506', 0),
(846, 26, 6319, '1591.549430919/-2.1849189124623E-13', 0),
(847, 27, 6320, '1591.549430919/20', 0),
(848, 27, 6321, '1591.549430919/40', 0),
(849, 27, 6322, '1591.549430919/60', 0),
(850, 27, 6323, '1591.549430919/80', 0),
(851, 27, 6324, '1591.549430919/100', 0),
(852, 27, 6325, '1591.549430919/120', 0),
(853, 27, 6326, '1591.549430919/140', 0),
(854, 27, 6327, '1591.549430919/160', 0),
(855, 27, 6328, '1591.549430919/180', 0),
(856, 27, 6329, '1591.549430919/200', 0),
(857, 27, 6330, '1591.549430919/220', 0),
(858, 27, 6331, '1591.549430919/240', 0),
(859, 27, 6332, '1591.549430919/260', 0),
(860, 27, 6333, '1591.549430919/280', 0),
(861, 27, 6334, '1591.549430919/300', 0),
(862, 27, 6335, '1600.8725116334/322.50790790393', 0),
(863, 27, 6336, '1623.3804195373/331.83098861838', 0),
(864, 27, 6337, '1645.8883274413/322.50790790393', 0),
(865, 27, 6338, '1655.2114081557/300', 0),
(866, 27, 6339, '1655.2114081557/280', 0),
(867, 27, 6340, '1655.2114081557/260', 0),
(868, 27, 6341, '1655.2114081557/240', 0),
(869, 27, 6342, '1655.2114081557/220', 0),
(870, 27, 6343, '1655.2114081557/200', 0),
(871, 27, 6344, '1655.2114081557/180', 0),
(872, 27, 6345, '1664.5344888702/157.49209209607', 0),
(873, 27, 6346, '1687.0423967741/148.16901138162', 0),
(874, 27, 6347, '1709.550304678/157.49209209607', 0),
(875, 27, 6348, '1718.8733853925/180', 0),
(876, 27, 6349, '1718.8733853925/200', 0),
(877, 27, 6350, '1718.8733853925/220', 0),
(878, 27, 6351, '1718.8733853925/240', 0),
(879, 27, 6352, '1718.8733853925/260', 0),
(880, 27, 6353, '1718.8733853925/280', 0),
(881, 27, 6354, '1718.8733853925/300', 0),
(882, 27, 6355, '1728.1964661069/322.50790790393', 0),
(883, 27, 6356, '1750.7043740108/331.83098861838', 0),
(884, 27, 6357, '1773.2122819148/322.50790790393', 0),
(885, 27, 6358, '1782.5353626292/300', 0),
(886, 27, 6359, '1782.5353626292/280', 0),
(887, 27, 6360, '1782.5353626292/260', 0),
(888, 27, 6361, '1782.5353626292/240', 0),
(889, 27, 6362, '1782.5353626292/220', 0),
(890, 27, 6363, '1782.5353626292/200', 0),
(891, 27, 6364, '1782.5353626292/180', 0),
(892, 27, 6365, '1791.8584433437/157.49209209607', 0),
(893, 27, 6366, '1814.3663512476/148.16901138162', 0),
(894, 27, 6367, '1836.8742591515/157.49209209607', 0),
(895, 27, 6368, '1846.197339866/180', 0),
(896, 27, 6369, '1846.197339866/200', 0),
(897, 27, 6370, '1846.197339866/220', 0),
(898, 27, 6371, '1846.197339866/240', 0),
(899, 27, 6372, '1846.197339866/260', 0),
(900, 27, 6373, '1846.197339866/280', 0),
(901, 27, 6374, '1846.197339866/300', 0),
(902, 27, 6375, '1855.5204205804/322.50790790393', 0),
(903, 27, 6376, '1878.0283284844/331.83098861838', 0),
(904, 27, 6377, '1900.5362363883/322.50790790393', 0),
(905, 27, 6378, '1909.8593171027/300', 0),
(906, 27, 6379, '1909.8593171027/280', 0),
(907, 27, 6380, '1909.8593171027/260', 0),
(908, 27, 6381, '1909.8593171027/240', 0),
(909, 27, 6382, '1909.8593171027/220', 0),
(910, 27, 6383, '1909.8593171027/200', 0),
(911, 27, 6384, '1909.8593171027/180', 0),
(912, 27, 6385, '1919.1823978172/157.49209209607', 0),
(913, 27, 6386, '1941.6903057211/148.16901138162', 0),
(914, 27, 6387, '1964.1982136251/157.49209209607', 0),
(915, 27, 6388, '1973.5212943395/180', 0),
(916, 27, 6389, '1973.5212943395/200', 0),
(917, 27, 6390, '1973.5212943395/220', 0),
(918, 27, 6391, '1973.5212943395/240', 0),
(919, 27, 6392, '1973.5212943395/260', 0),
(920, 27, 6393, '1973.5212943395/280', 0),
(921, 27, 6394, '1973.5212943395/300', 0),
(922, 27, 6395, '1982.844375054/322.50790790393', 0),
(923, 27, 6396, '2005.3522829579/331.83098861838', 0),
(924, 27, 6397, '2027.8601908618/322.50790790393', 0),
(925, 27, 6398, '2037.1832715763/300', 0),
(926, 27, 6399, '2037.1832715763/280', 0),
(927, 27, 6400, '2037.1832715763/260', 0),
(928, 27, 6401, '2037.1832715763/240', 0),
(929, 27, 6402, '2037.1832715763/220', 0),
(930, 27, 6403, '2037.1832715763/200', 0),
(931, 27, 6404, '2037.1832715763/180', 0),
(932, 27, 6405, '2046.5063522907/157.49209209607', 0),
(933, 27, 6406, '2069.0142601946/148.16901138162', 0),
(934, 27, 6407, '2091.5221680986/157.49209209607', 0),
(935, 27, 6408, '2100.845248813/180', 0),
(936, 27, 6409, '2100.845248813/200', 0),
(937, 27, 6410, '2100.845248813/220', 0),
(938, 27, 6411, '2100.845248813/240', 0),
(939, 27, 6412, '2100.845248813/260', 0),
(940, 27, 6413, '2100.845248813/280', 0),
(941, 27, 6414, '2100.845248813/300', 0),
(942, 27, 6415, '2110.1683295275/322.50790790393', 0),
(943, 27, 6416, '2132.6762374314/331.83098861838', 0),
(944, 27, 6417, '2155.1841453353/322.50790790393', 0),
(945, 27, 6418, '2164.5072260498/300', 0),
(946, 27, 6419, '2164.5072260498/280', 0),
(947, 27, 6420, '2164.5072260498/260', 0),
(948, 27, 6421, '2164.5072260498/240', 0),
(949, 27, 6422, '2164.5072260498/220', 0),
(950, 27, 6423, '2164.5072260498/200', 0),
(951, 27, 6424, '2164.5072260498/180', 0),
(952, 27, 6425, '2173.8303067642/157.49209209607', 0),
(953, 27, 6426, '2196.3382146682/148.16901138162', 0),
(954, 27, 6427, '2218.8461225721/157.49209209607', 0),
(955, 27, 6428, '2228.1692032865/180', 0),
(956, 27, 6429, '2228.1692032865/200', 0),
(957, 27, 6430, '2228.1692032865/220', 0),
(958, 27, 6431, '2228.1692032865/240', 0),
(959, 27, 6432, '2228.1692032865/260', 0),
(960, 27, 6433, '2228.1692032865/280', 0),
(961, 27, 6434, '2228.1692032865/300', 0),
(962, 27, 6435, '2237.492284001/322.50790790393', 0),
(963, 27, 6436, '2260.0001919049/331.83098861838', 0),
(964, 27, 6437, '2282.5080998088/322.50790790393', 0),
(965, 27, 6438, '2291.8311805233/300', 0),
(966, 27, 6439, '2291.8311805233/280', 0),
(967, 27, 6440, '2291.8311805233/260', 0),
(968, 27, 6441, '2291.8311805233/240', 0),
(969, 27, 6442, '2291.8311805233/220', 0),
(970, 27, 6443, '2291.8311805233/200', 0),
(971, 27, 6444, '2291.8311805233/180', 0),
(972, 27, 6445, '2301.1542612377/157.49209209607', 0),
(973, 27, 6446, '2323.6621691417/148.16901138162', 0),
(974, 27, 6447, '2346.1700770456/157.49209209607', 0),
(975, 27, 6448, '2355.4931577601/180', 0),
(976, 27, 6449, '2355.4931577601/200', 0),
(977, 27, 6450, '2355.4931577601/220', 0),
(978, 27, 6451, '2355.4931577601/240', 0),
(979, 27, 6452, '2355.4931577601/260', 0),
(980, 27, 6453, '2355.4931577601/280', 0),
(981, 27, 6454, '2355.4931577601/300', 0),
(982, 27, 6455, '2364.8162384745/322.50790790393', 0),
(983, 27, 6456, '2387.3241463784/331.83098861838', 0),
(984, 27, 6457, '2409.8320542824/322.50790790393', 0),
(985, 27, 6458, '2419.1551349968/300', 0),
(986, 27, 6459, '2419.1551349968/280', 0),
(987, 27, 6460, '2419.1551349968/260', 0),
(988, 27, 6461, '2419.1551349968/240', 0),
(989, 27, 6462, '2419.1551349968/220', 0),
(990, 27, 6463, '2419.1551349968/200', 0),
(991, 27, 6464, '2419.1551349968/180', 0),
(992, 27, 6465, '2428.4782157113/157.49209209607', 0),
(993, 27, 6466, '2450.9861236152/148.16901138162', 0),
(994, 27, 6467, '2473.4940315191/157.49209209607', 0),
(995, 27, 6468, '2482.8171122336/180', 0),
(996, 27, 6469, '2482.8171122336/200', 0),
(997, 27, 6470, '2482.8171122336/220', 0),
(998, 27, 6471, '2482.8171122336/240', 0),
(999, 27, 6472, '2482.8171122336/260', 0),
(1000, 27, 6473, '2482.8171122336/280', 0),
(1001, 27, 6474, '2482.8171122336/300', 0),
(1002, 27, 6475, '2492.140192948/322.50790790393', 0),
(1003, 27, 6476, '2514.6481008519/331.83098861838', 0),
(1004, 27, 6477, '2537.1560087559/322.50790790393', 0),
(1005, 27, 6478, '2546.4790894703/300', 0),
(1006, 27, 6479, '2546.4790894703/280', 0),
(1007, 27, 6480, '2546.4790894703/260', 0),
(1008, 27, 6481, '2546.4790894703/240', 0),
(1009, 27, 6482, '2546.4790894703/220', 0),
(1010, 27, 6483, '2546.4790894703/200', 0),
(1011, 27, 6484, '2546.4790894703/180', 0),
(1012, 27, 6485, '2555.8021701848/157.49209209607', 0),
(1013, 27, 6486, '2578.3100780887/148.16901138162', 0),
(1014, 27, 6487, '2600.8179859926/157.49209209607', 0),
(1015, 27, 6488, '2610.1410667071/180', 0),
(1016, 27, 6489, '2610.1410667071/200', 0),
(1017, 27, 6490, '2610.1410667071/220', 0),
(1018, 27, 6491, '2610.1410667071/240', 0),
(1019, 27, 6492, '2610.1410667071/260', 0),
(1020, 27, 6493, '2610.1410667071/280', 0),
(1021, 27, 6494, '2610.1410667071/300', 0),
(1022, 27, 6495, '2619.4641474215/322.50790790393', 0),
(1023, 27, 6496, '2641.9720553255/331.83098861838', 0),
(1024, 27, 6497, '2664.4799632294/322.50790790393', 0),
(1025, 27, 6498, '2673.8030439438/300', 0),
(1026, 27, 6499, '2673.8030439438/280', 0),
(1027, 27, 6500, '2673.8030439438/260', 0),
(1028, 27, 6501, '2673.8030439438/240', 0),
(1029, 27, 6502, '2673.8030439438/220', 0),
(1030, 27, 6503, '2673.8030439438/200', 0),
(1031, 27, 6504, '2673.8030439438/180', 0),
(1032, 27, 6505, '2683.1261246583/157.49209209607', 0),
(1033, 27, 6506, '2705.6340325622/148.16901138162', 0),
(1034, 27, 6507, '2728.1419404662/157.49209209607', 0),
(1035, 27, 6508, '2737.4650211806/180', 0),
(1036, 27, 6509, '2737.4650211806/200', 0),
(1037, 27, 6510, '2737.4650211806/220', 0),
(1038, 27, 6511, '2737.4650211806/240', 0),
(1039, 27, 6512, '2737.4650211806/260', 0),
(1040, 27, 6513, '2737.4650211806/280', 0),
(1041, 27, 6514, '2737.4650211806/300', 0),
(1042, 27, 6515, '2746.7881018951/322.50790790393', 0),
(1043, 27, 6516, '2769.296009799/331.83098861838', 0);
INSERT INTO `structural_coordinates` (`id`, `structural_geometry_id`, `amino_acid_id`, `coordinate`, `pos`) VALUES
(1044, 27, 6517, '2791.8039177029/322.50790790393', 0),
(1045, 27, 6518, '2801.1269984174/300', 0),
(1046, 27, 6519, '2801.1269984174/280', 0),
(1047, 27, 6520, '2801.1269984174/260', 0),
(1048, 27, 6521, '2801.1269984174/240', 0),
(1049, 27, 6522, '2801.1269984174/220', 0),
(1050, 27, 6523, '2801.1269984174/200', 0),
(1051, 27, 6524, '2801.1269984174/180', 0),
(1052, 27, 6525, '2810.4500791318/157.49209209607', 0),
(1053, 27, 6526, '2832.9579870357/148.16901138162', 0),
(1054, 27, 6527, '2855.4658949397/157.49209209607', 0),
(1055, 27, 6528, '2864.7889756541/180', 0),
(1056, 27, 6529, '2864.7889756541/200', 0),
(1057, 27, 6530, '2864.7889756541/220', 0),
(1058, 27, 6531, '2864.7889756541/240', 0),
(1059, 27, 6532, '2864.7889756541/260', 0),
(1060, 27, 6533, '2864.7889756541/280', 0),
(1061, 27, 6534, '2864.7889756541/300', 0),
(1062, 27, 6535, '2874.1120563686/322.50790790393', 0),
(1063, 27, 6536, '2896.6199642725/331.83098861838', 0),
(1064, 27, 6537, '2919.1278721764/322.50790790393', 0),
(1065, 27, 6538, '2928.4509528909/300', 0),
(1066, 27, 6539, '2928.4509528909/280', 0),
(1067, 27, 6540, '2928.4509528909/260', 0),
(1068, 27, 6541, '2928.4509528909/240', 0),
(1069, 27, 6542, '2928.4509528909/220', 0),
(1070, 27, 6543, '2928.4509528909/200', 0),
(1071, 27, 6544, '2928.4509528909/180', 0),
(1072, 27, 6545, '2937.7740336053/157.49209209607', 0),
(1073, 27, 6546, '2960.2819415093/148.16901138162', 0),
(1074, 27, 6547, '2982.7898494132/157.49209209607', 0),
(1075, 27, 6548, '2992.1129301276/180', 0),
(1076, 27, 6549, '2992.1129301276/200', 0),
(1077, 27, 6550, '2992.1129301276/220', 0),
(1078, 27, 6551, '2992.1129301276/240', 0),
(1079, 27, 6552, '2992.1129301276/260', 0),
(1080, 27, 6553, '2992.1129301276/280', 0),
(1081, 27, 6554, '2992.1129301276/300', 0),
(1082, 27, 6555, '3001.4360108421/322.50790790393', 0),
(1083, 27, 6556, '3023.943918746/331.83098861838', 0),
(1084, 27, 6557, '3046.4518266499/322.50790790393', 0),
(1085, 27, 6558, '3055.7749073644/300', 0),
(1086, 27, 6559, '3055.7749073644/280', 0),
(1087, 27, 6560, '3055.7749073644/260', 0),
(1088, 27, 6561, '3055.7749073644/240', 0),
(1089, 27, 6562, '3055.7749073644/220', 0),
(1090, 27, 6563, '3055.7749073644/200', 0),
(1091, 27, 6564, '3055.7749073644/180', 0),
(1092, 27, 6565, '3065.0979880788/157.49209209607', 0),
(1093, 27, 6566, '3087.6058959828/148.16901138162', 0),
(1094, 27, 6567, '3110.1138038867/157.49209209607', 0),
(1095, 27, 6568, '3119.4368846012/180', 0),
(1096, 27, 6569, '3119.4368846012/200', 0),
(1097, 27, 6570, '3119.4368846012/220', 0),
(1098, 27, 6571, '3119.4368846012/240', 0),
(1099, 27, 6572, '3119.4368846012/260', 0),
(1100, 27, 6573, '3119.4368846012/280', 0),
(1101, 27, 6574, '3119.4368846012/300', 0),
(1102, 27, 6575, '3128.7599653156/322.50790790393', 0),
(1103, 27, 6576, '3151.2678732195/331.83098861838', 0),
(1104, 27, 6577, '3173.7757811235/322.50790790393', 0),
(1105, 27, 6578, '3183.0988618379/300', 0),
(1106, 27, 6579, '3183.0988618379/280', 0),
(1107, 27, 6580, '3183.0988618379/260', 0),
(1108, 27, 6581, '3183.0988618379/240', 0),
(1109, 27, 6582, '3183.0988618379/220', 0),
(1110, 27, 6583, '3183.0988618379/200', 0),
(1111, 27, 6584, '3183.0988618379/180', 0),
(1112, 27, 6585, '3183.0988618379/160', 0),
(1113, 27, 6586, '3183.0988618379/140', 0),
(1114, 27, 6587, '3183.0988618379/120', 0),
(1115, 27, 6588, '3183.0988618379/100', 0),
(1116, 27, 6589, '3183.0988618379/80', 0),
(1117, 27, 6590, '3183.0988618379/60', 0),
(1118, 27, 6591, '3183.0988618379/40', 0),
(1119, 27, 6592, '3183.0988618379/20', 0);
<?php }?>